MedInc,HouseAge,AveRooms,AveBedrms,Population,AveOccup,Latitude,Longitude,Label
8.3252,41.0,6.984126984126984,1.0238095238095237,322.0,2.5555555555555554,37.88,-122.23,high
1.3578,40.0,4.524096385542169,,409.0,2.463855421686747,37.85,-122.27,mid-low
2.0978,52.0,4.215189873417722,1.0607594936708862,946.0,2.3949367088607594,37.83,-122.26,mid-low
3.3929,,5.994652406417113,1.1283422459893049,554.0,2.962566844919786,37.83,-122.29,low
,17.0,3.1972318339100347,1.0,609.0,2.1072664359861593,37.81,-122.28,mid
2.4912,29.0,3.7248,,2304.0,1.8432,37.81,-122.25,mid-high
5.956,41.0,6.851063829787234,1.0797872340425532,794.0,2.1117021276595747,37.83,-122.24,high
6.3624,30.0,5.615384615384615,0.7307692307692307,126.0,2.423076923076923,37.81,-122.18,high
2.1944,52.0,5.074285714285714,0.96,360.0,2.057142857142857,37.8,-122.24,mid-high
2.5238,49.0,4.192023633677991,1.106351550960118,1487.0,2.1964549483013296,37.8,-122.24,mid
3.0257,52.0,4.046948356807512,1.0093896713615023,994.0,4.666666666666667,37.78,-122.23,low
3.0682,39.0,4.316810344827586,1.0775862068965518,1109.0,2.3900862068965516,37.8,-122.21,mid-low
2.7352,46.0,3.9349736379613356,0.8927943760984183,1390.0,2.4428822495606326,37.78,-122.21,mid-low
3.5398,52.0,5.4373522458628845,1.0472813238770686,1225.0,2.895981087470449,37.78,-122.2,mid
6.2838,34.0,6.948717948717949,1.0,442.0,2.2666666666666666,37.8,-122.18,high
1.9479,50.0,4.82520325203252,1.0609756097560976,907.0,3.686991869918699,37.76,-122.18,low
0.8012,28.0,,1.1666666666666667,435.0,2.685185185185185,37.75,-122.19,low
1.325,46.0,4.825641025641025,1.117948717948718,621.0,3.1846153846153844,37.75,-122.18,low
,26.0,6.127579737335835,0.9212007504690432,1222.0,2.292682926829268,37.76,-122.13,mid-high
4.0417,43.0,5.2,1.0169491525423728,826.0,2.8,37.74,-122.16,mid-low
4.2614,52.0,5.520958083832335,0.9940119760479041,769.0,2.302395209580838,37.88,-122.28,mid-high
6.6828,52.0,7.353174603174603,1.0535714285714286,1205.0,2.390873015873016,,-122.26,high
2.9,46.0,4.6394366197183095,1.0591549295774647,854.0,2.4056338028169013,37.88,-122.3,mid-low
1.4012,52.0,3.105714285714286,1.06,3337.0,9.534285714285714,37.87,-122.26,mid
2.2845,41.0,3.897887323943662,0.9683098591549296,1213.0,2.13556338028169,37.86,-122.28,mid-low
1.5817,52.0,5.43801652892562,1.1735537190082646,875.0,2.4104683195592287,37.85,-122.27,mid-low
5.2128,52.0,5.862934362934363,0.9961389961389961,1242.0,2.3976833976833976,,-122.23,high
2.9688,52.0,4.230547550432276,,870.0,2.5072046109510087,37.77,-122.28,mid-high
2.6833,52.0,4.139013452914798,1.0560538116591929,827.0,,37.76,-122.24,mid-high
4.9801,36.0,6.327472527472527,1.054945054945055,1235.0,2.7142857142857144,37.71,-122.07,mid-high
3.0,32.0,4.899135446685879,1.0605187319884726,1487.0,2.142651296829971,37.7,-122.07,mid-high
2.8301,49.0,4.412987012987013,1.0597402597402596,768.0,1.9948051948051948,37.73,-122.16,mid
2.8125,,4.333679833679834,1.0883575883575884,2024.0,,37.72,-122.15,mid
3.5547,,5.609195402298851,0.9348659003831418,672.0,2.574712643678161,37.7,-122.15,mid
4.2841,30.0,5.903394255874674,1.156657963446475,929.0,2.425587467362924,37.68,-122.15,mid-high
6.5,20.0,6.451612903225806,0.8064516129032258,83.0,2.6774193548387095,37.69,-122.03,high
2.535,37.0,4.723214285714286,1.1227678571428572,1109.0,2.4754464285714284,37.68,-122.1,mid
3.8676,40.0,,1.003154574132492,914.0,2.8832807570977916,37.67,-122.13,mid
3.016,31.0,4.45945945945946,,2181.0,2.9472972972972973,37.65,-122.07,mid
3.8171,18.0,5.119732785200411,1.0436793422404933,5613.0,,37.63,-122.1,mid
2.4808,27.0,4.017316017316017,1.0432900432900434,2028.0,2.9264069264069263,37.63,-122.07,mid
4.5913,24.0,5.141280353200883,1.0264900662251655,1401.0,3.0927152317880795,37.63,-122.07,mid
5.3226,18.0,5.567741935483871,0.8903225806451613,1186.0,3.825806451612903,37.6,-122.06,mid-high
5.7192,15.0,6.395348837209302,1.0679785330948122,1777.0,3.178890876565295,37.58,-121.96,high
5.0,18.0,5.66941297631308,1.035015447991761,2641.0,2.7198764160659112,37.56,-121.99,mid-high
4.75,35.0,5.513317191283293,1.0169491525423728,1353.0,3.276029055690073,37.53,-121.97,mid
5.2396,26.0,5.737057220708447,1.0095367847411445,2352.0,3.204359673024523,37.52,-121.96,mid-high
3.535,31.0,5.254237288135593,,719.0,3.0466101694915255,37.54,-122.02,mid-high
5.9345,,7.287625418060201,1.0301003344481605,926.0,3.096989966555184,37.69,,mid-high
4.9879,28.0,6.517985611510792,1.0575539568345325,853.0,3.068345323741007,,-121.87,mid-high
3.3841,29.0,4.842031029619182,1.002820874471086,1919.0,2.706629055007052,37.69,-121.76,mid
3.8523,25.0,5.5,1.1807909604519775,900.0,2.542372881355932,37.66,-121.78,mid
2.8125,28.0,5.7277936962750715,1.0959885386819483,1614.0,2.312320916905444,,-120.87,mid-low
1.6785,12.0,4.485285101164929,1.011036174126303,7517.0,2.304414469650521,39.74,-121.88,mid-low
1.6797,52.0,4.396103896103896,0.987012987012987,379.0,2.461038961038961,,-121.84,low
2.7143,16.0,6.385300668151448,1.244988864142539,1203.0,2.6792873051224944,39.88,-121.75,low
2.3068,24.0,5.622710622710622,1.010989010989011,664.0,2.432234432234432,39.77,-121.59,low
2.3798,17.0,4.784883720930233,0.9593023255813954,750.0,2.1802325581395348,39.74,-121.59,low
2.9688,,5.526881720430108,0.9946236559139785,471.0,2.532258064516129,39.52,-121.53,low
2.4952,14.0,5.708609271523179,1.0430463576158941,939.0,3.109271523178808,,-121.54,low
1.91,,5.0,1.0041322314049588,523.0,,39.36,-121.7,low
3.8488,7.0,6.446636771300448,1.1551569506726458,3175.0,2.8475336322869955,38.12,-120.76,mid-low
3.125,11.0,,11.181818181818182,82.0,2.484848484848485,38.42,-120.19,low
5.0016,3.0,7.246069182389937,1.1965408805031446,,2.8128930817610063,38.0,-121.73,mid
2.2532,46.0,5.085011185682327,1.1073825503355705,1088.0,2.4340044742729305,38.01,-121.8,mid-low
2.905,37.0,5.044444444444444,1.0722222222222222,1400.0,2.5925925925925926,38.0,-121.81,low
1.2024,36.0,5.749034749034749,1.277992277992278,838.0,3.2355212355212357,38.04,-121.9,low
2.1417,12.0,4.390029325513196,1.0557184750733137,943.0,2.7653958944281527,,-121.9,mid-low
3.3661,31.0,5.58648111332008,1.0298210735586482,1640.0,,38.05,-121.98,low
5.2015,6.0,5.69647847959754,1.0519843487982112,4377.0,2.446618222470654,38.0,-122.09,mid
4.7386,36.0,5.981081081081081,1.0432432432432432,950.0,2.5675675675675675,37.95,-122.06,mid
2.8043,16.0,5.158227848101266,0.989451476793249,721.0,1.521097046413502,37.99,-122.06,low
2.8456,,4.869918699186992,1.0867208672086721,756.0,2.048780487804878,37.98,-122.02,mid
5.1333,22.0,5.955696202531645,1.0738396624472575,1271.0,2.681434599156118,37.97,-121.99,mid
3.8456,35.0,5.461346633416459,0.9576059850374065,1154.0,2.8778054862842892,37.96,-122.05,mid
5.6292,24.0,6.454954954954955,0.9831081081081081,,2.7522522522522523,37.94,-122.04,mid-high
6.195,26.0,6.324817518248175,0.9671532846715328,796.0,2.9051094890510947,37.92,-122.08,mid-high
6.112,29.0,6.692477876106195,1.0553097345132743,1035.0,2.2898230088495577,37.86,-122.03,high
6.3942,4.0,5.681271810779372,1.0957735556417216,5613.0,2.1764249709189607,37.78,-121.95,high
8.4352,14.0,8.106100795755967,0.9787798408488063,1209.0,3.206896551724138,37.87,-122.02,high
4.125,30.0,,1.0716374269005848,1260.0,1.8421052631578947,37.89,-122.12,mid-high
7.203,19.0,7.205056179775281,1.0407303370786516,1887.0,2.6502808988764044,37.83,-122.11,high
5.2699,8.0,7.386811023622047,1.0718503937007875,3325.0,3.2726377952755907,37.98,-121.84,mid
6.2296,26.0,7.216666666666667,0.9666666666666667,533.0,2.9611111111111112,,-121.94,high
4.025,16.0,4.90748031496063,1.063976377952756,2805.0,2.7608267716535435,38.0,-122.29,mid
6.0666,10.0,6.526518391787853,0.9730538922155688,7266.0,3.1077844311377247,37.97,-122.27,mid-high
3.911,4.0,4.508455467869222,1.2164599774520857,1591.0,1.7936865839909808,37.99,-122.33,mid-low
2.3382,19.0,4.05989110707804,1.0526315789473684,1438.0,2.6098003629764066,37.97,-122.34,mid-low
3.1571,43.0,4.976127320954907,1.0318302387267904,807.0,2.140583554376658,37.94,-122.33,mid-low
1.5139,38.0,3.727272727272727,0.8671328671328671,729.0,2.5489510489510487,37.95,-122.36,low
1.125,,4.4409090909090905,1.165909090909091,1437.0,3.265909090909091,37.91,-122.33,low
6.0677,32.0,6.421824104234528,0.9853420195439739,1524.0,2.482084690553746,37.92,-122.3,high
5.1691,38.0,6.854497354497354,1.1216931216931216,905.0,2.394179894179894,37.91,-122.29,mid-high
2.1336,19.0,5.893992932862191,1.1448763250883391,841.0,2.9717314487632507,41.92,-124.16,low
1.9018,25.0,6.114155251141552,1.4977168949771689,503.0,2.2968036529680367,38.94,-119.98,mid-low
1.9727,21.0,5.366883116883117,1.3603896103896105,737.0,2.392857142857143,38.9,-120.0,mid-low
2.8562,12.0,5.7824933687002655,1.1220159151193634,1070.0,2.8381962864721486,38.83,-120.87,mid-low
3.9036,11.0,6.155263157894737,1.1473684210526316,1062.0,2.794736842105263,38.66,,mid
2.1682,35.0,5.26,1.0075,1060.0,2.65,38.76,-120.67,mid-low
4.0827,8.0,5.484751203852327,0.9695024077046549,1703.0,2.7335473515248796,38.58,-120.88,mid
2.5045,15.0,4.103932584269663,1.1657303370786516,924.0,2.595505617977528,36.74,-119.78,low
1.3304,28.0,5.6453900709219855,1.0780141843971631,962.0,3.4113475177304964,36.7,-119.8,low
4.9196,27.0,6.184782608695652,0.9065217391304348,1219.0,2.65,36.73,-119.67,mid-low
2.9013,19.0,6.090909090909091,1.1076555023923444,1257.0,3.007177033492823,36.65,-119.74,low
1.8971,41.0,5.261333333333333,1.064,1107.0,2.952,36.76,,low
1.6548,35.0,4.879417879417879,1.0935550935550935,1676.0,3.4844074844074844,36.75,-119.76,low
3.1719,39.0,5.759075907590759,1.0594059405940595,901.0,2.9735973597359737,36.75,-119.73,low
2.6726,32.0,5.005102040816326,1.0178571428571428,1005.0,2.563775510204082,36.77,-119.75,low
3.4265,43.0,6.242666666666667,1.0533333333333332,890.0,2.3733333333333335,36.77,-119.81,low
4.1719,17.0,6.348242811501597,1.0702875399361023,1152.0,3.680511182108626,36.76,-119.89,mid-low
6.7181,15.0,7.199438202247191,0.9410112359550562,1080.0,3.033707865168539,36.83,-119.85,mid
6.1175,16.0,7.567282321899736,0.9920844327176781,1016.0,2.6807387862796834,,-119.82,mid-low
4.049,19.0,6.121731289449955,1.0820559062218214,2325.0,2.096483318304779,36.83,-119.81,mid-low
1.3385,24.0,4.19404915912031,1.0284605433376455,2764.0,3.575679172056921,36.78,-119.84,low
2.256,26.0,4.404145077720207,,,2.354922279792746,36.79,,low
3.567,28.0,6.074468085106383,1.070921985815603,663.0,2.351063829787234,36.81,-119.77,low
2.7159,32.0,5.33130081300813,1.0731707317073171,1570.0,3.1910569105691056,36.81,-119.7,low
4.9432,4.0,6.341708542713568,1.085427135678392,622.0,3.1256281407035176,36.81,-119.67,mid-low
3.0833,42.0,6.027027027027027,0.9684684684684685,617.0,2.779279279279279,36.7,-119.63,mid-low
2.59,21.0,5.840764331210191,1.0222929936305734,1120.0,,36.71,-119.52,low
2.2202,13.0,5.494140625,1.130859375,1385.0,2.705078125,36.71,-119.25,low
2.5234,37.0,4.101167315175097,0.9299610894941635,879.0,3.4202334630350193,36.58,,low
2.5556,42.0,5.3004587155963305,1.0068807339449541,1347.0,3.0894495412844036,36.57,-119.6,low
3.2083,26.0,6.667953667953668,1.1158301158301158,802.0,3.0965250965250966,36.44,-119.77,low
,11.0,4.20440251572327,1.2955974842767295,1376.0,4.327044025157233,36.29,,low
1.9056,25.0,3.6958424507658645,1.0831509846827134,1745.0,3.8183807439824946,36.75,-120.38,low
1.9375,16.0,5.303664921465969,,1031.0,2.6989528795811517,39.75,-122.23,low
1.7778,52.0,4.450704225352113,0.9753521126760564,591.0,2.0809859154929575,40.79,-124.16,low
2.5,32.0,4.4869281045751634,1.0196078431372548,872.0,2.849673202614379,40.8,-124.14,low
3.9792,22.0,5.855203619909502,0.9841628959276018,1198.0,2.7104072398190047,,-124.02,mid-low
1.4911,19.0,5.495412844036697,1.1743119266055047,1033.0,3.159021406727829,41.11,-123.63,low
2.8182,12.0,5.404761904761905,1.0627705627705628,1153.0,2.4956709956709955,40.92,-124.09,mid-low
3.4408,32.0,5.3201133144475925,0.9631728045325779,937.0,2.6543909348441925,40.59,-124.05,low
1.725,31.0,5.158774373259053,1.2590529247910864,917.0,2.554317548746518,40.24,-123.68,low
1.9088,20.0,4.422712933753943,0.9053627760252366,1104.0,3.4826498422712935,32.99,-115.51,low
1.7604,32.0,4.384615384615385,1.1301775147928994,623.0,3.6863905325443787,32.81,-115.37,low
2.2417,18.0,5.15015015015015,,1166.0,3.5015015015015014,32.77,-115.52,low
,29.0,6.4,1.1551020408163266,848.0,3.4612244897959186,32.78,-115.56,low
2.0625,6.0,4.720538720538721,0.9781144781144782,2807.0,4.725589225589226,32.67,-115.52,low
1.275,19.0,,1.3486842105263157,1431.0,2.3536184210526314,32.8,-114.55,low
1.1471,,6.44131455399061,1.812206572769953,436.0,2.0469483568075115,36.0,-116.22,low
1.3222,31.0,3.8428805237315875,1.1472995090016367,1413.0,2.3126022913256956,35.41,-119.02,low
3.1906,34.0,6.016181229773463,1.0453074433656957,854.0,2.763754045307443,35.4,-118.97,low
3.0938,6.0,4.979679144385027,1.0385026737967915,2320.0,,35.41,-118.9,low
1.375,35.0,4.0508474576271185,1.0314769975786926,1041.0,2.5205811138014527,35.38,-118.97,low
1.4779,44.0,4.900826446280992,1.1239669421487604,364.0,3.0082644628099175,35.37,-119.01,low
1.7213,44.0,4.894353369763206,1.1293260473588342,1521.0,2.7704918032786887,35.37,-119.02,low
1.9612,32.0,4.343220338983051,1.097457627118644,874.0,3.7033898305084745,35.37,-118.96,low
3.1753,27.0,5.134228187919463,1.0033557046979866,2212.0,2.4742729306487696,35.35,-119.04,low
3.4286,34.0,5.886831275720165,1.0493827160493827,1375.0,,35.34,-119.02,low
,10.0,4.791907514450867,0.8439306358381503,447.0,2.5838150289017343,35.3,-119.03,low
3.0742,23.0,6.2025931928687195,1.1280388978930307,1993.0,3.2301458670988654,35.27,-119.5,low
,36.0,5.032128514056225,1.0401606425702812,932.0,3.7429718875502007,35.5,,mid-low
,30.0,6.504424778761062,1.2123893805309736,421.0,3.725663716814159,35.76,-119.14,mid-low
6.1563,13.0,6.3392070484581495,1.0440528634361232,557.0,2.4537444933920707,35.44,-118.93,mid
4.0167,5.0,4.875,1.1896551724137931,520.0,2.2413793103448274,35.65,-117.69,low
5.0762,11.0,5.91554054054054,1.0675675675675675,765.0,2.5844594594594597,35.54,-117.84,low
5.0553,2.0,,1.150887573964497,923.0,2.730769230769231,34.87,-118.19,mid-low
1.9236,29.0,5.126482213438735,1.0355731225296443,909.0,3.5928853754940713,35.13,-118.92,low
3.1667,14.0,4.784386617100372,1.0817843866171004,737.0,2.7397769516728623,36.31,-119.78,mid-low
2.8788,38.0,5.86219739292365,1.0577281191806331,1378.0,2.5661080074487894,36.35,-119.65,low
4.0909,16.0,5.278350515463917,0.961340206185567,1052.0,2.711340206185567,36.33,-119.66,low
1.85,14.0,4.541218637992832,1.039426523297491,1077.0,3.860215053763441,36.09,-119.56,low
2.0208,43.0,3.2962962962962963,,86.0,3.185185185185185,39.18,-122.91,low
2.0417,24.0,6.979910714285714,,1015.0,2.265625,39.08,,low
2.3179,14.0,6.138297872340425,1.4184397163120568,638.0,2.2624113475177303,38.94,-122.62,low
1.6833,15.0,5.351851851851852,0.9074074074074074,191.0,3.537037037037037,38.99,-122.83,mid-low
3.4375,22.0,6.0,1.2394366197183098,461.0,3.2464788732394365,38.81,-122.66,low
3.5536,19.0,5.742599742599743,1.0656370656370657,2229.0,2.8687258687258685,40.36,-120.71,low
4.4485,35.0,6.414110429447852,1.1042944785276074,879.0,2.696319018404908,34.25,-118.27,mid-high
4.6944,30.0,6.030018761726079,0.9624765478424016,1700.0,3.189493433395872,34.28,-118.35,mid-high
3.2865,35.0,4.0492610837438425,0.9852216748768473,1197.0,5.896551724137931,34.28,-118.42,mid-low
1.4867,35.0,3.976435935198822,1.0338733431516938,3444.0,5.072164948453608,34.27,-118.42,mid-low
4.0556,9.0,5.38390092879257,1.108359133126935,820.0,2.538699690402477,34.31,-118.45,mid
7.7464,28.0,7.282051282051282,1.0256410256410255,868.0,2.782051282051282,34.29,-118.52,high
4.8015,30.0,5.549295774647887,0.9929577464788732,1004.0,3.535211267605634,34.27,-118.46,mid
5.5714,34.0,6.2445582586427655,1.0435339308578746,2521.0,3.2279129321382842,34.27,-118.49,mid-high
3.5497,25.0,4.801946193474528,1.0715512306811676,4483.0,2.566113337149399,34.26,-118.49,mid-high
3.6231,15.0,4.366741573033708,1.0728089887640448,4992.0,2.2435955056179777,34.25,-118.59,mid
3.2404,27.0,4.035984848484849,1.0284090909090908,1065.0,2.0170454545454546,34.23,-118.53,mid-high
4.5167,26.0,5.2593856655290105,0.9778156996587031,1590.0,2.7133105802047783,34.23,-118.5,high
3.9833,21.0,4.311871227364185,,1803.0,3.6277665995975856,34.25,-118.45,mid
3.325,39.0,,1.0955414012738853,913.0,,34.22,-118.44,mid
3.6591,36.0,5.2077393075356415,1.0997963340122199,1556.0,3.169042769857434,34.22,-118.4,mid
4.1857,34.0,5.288732394366197,1.0369718309859155,1938.0,3.4119718309859155,34.22,-118.42,mid
4.1445,11.0,,1.0316265060240963,1512.0,2.2771084337349397,34.19,-118.36,mid
2.2377,27.0,3.3765822784810124,1.0232067510548524,3403.0,3.589662447257384,34.2,-118.42,mid-high
3.3516,26.0,4.327296248382924,1.0582147477360933,1599.0,,34.17,-118.39,mid-high
2.3056,31.0,3.320359281437126,1.0598802395209581,1119.0,3.3502994011976046,34.18,-118.36,mid
3.1929,26.0,4.311871227364185,1.080482897384306,2806.0,1.8819584171696848,34.17,-118.39,mid-high
4.3542,42.0,5.370629370629371,1.0303030303030303,862.0,2.0093240093240095,34.16,-118.36,high
2.6957,23.0,3.667953667953668,1.111969111969112,2249.0,2.8944658944658945,34.2,-118.48,mid
2.2326,36.0,3.933712121212121,0.9393939393939394,1206.0,2.284090909090909,34.18,-118.44,mid-high
4.0474,34.0,5.508403361344538,0.9810924369747899,1233.0,2.5903361344537816,34.16,-118.43,high
4.7,36.0,6.0201005025125625,1.0577889447236182,1064.0,2.6733668341708543,34.21,-118.51,mid-high
,42.0,,0.9640718562874252,884.0,2.6467065868263475,34.2,-118.5,mid
4.175,,5.398601398601398,1.0769230769230769,891.0,3.1153846153846154,34.2,-118.56,mid
5.0462,34.0,6.370491803278688,1.0491803278688525,895.0,2.9344262295081966,34.21,-118.59,mid-high
2.6159,19.0,3.292091836734694,1.093112244897959,2004.0,2.556122448979592,34.21,-118.6,mid
4.3125,34.0,5.535433070866142,1.0,369.0,2.905511811023622,34.19,-118.61,mid-high
6.7977,33.0,7.1945205479452055,1.0410958904109588,2041.0,2.7958904109589042,34.18,-118.63,high
4.8036,37.0,5.842592592592593,1.126543209876543,911.0,2.8117283950617282,34.18,-118.51,high
6.4958,37.0,6.872164948453608,1.0061855670103093,1171.0,2.4144329896907215,34.16,-118.49,high
3.6171,22.0,4.072840790842872,1.060353798126951,3303.0,1.718522372528616,34.16,-118.45,high
3.1373,23.0,3.752241238793806,1.0749796251018744,,1.9486552567237163,34.15,-118.37,mid-high
3.7986,21.0,4.26873857404022,1.0612431444241317,1914.0,1.7495429616087752,34.14,-118.37,high
3.6058,46.0,5.234649122807017,1.0701754385964912,1181.0,,,-118.19,mid-high
3.7813,30.0,4.656551724137931,0.993103448275862,1990.0,2.7448275862068967,34.12,-118.17,mid-high
2.6591,33.0,5.110738255033557,1.3120805369127517,,2.5268456375838926,34.11,-118.18,mid
2.8194,45.0,4.411522633744856,1.131687242798354,996.0,4.098765432098766,34.09,-118.22,mid
2.7679,50.0,5.025821596244131,1.0586854460093897,1777.0,4.171361502347418,34.11,-118.24,mid
12.8763,50.0,7.074183976261128,0.9258160237388724,836.0,2.4807121661721068,34.12,-118.28,high
3.2462,33.0,3.9744582043343653,1.1222910216718267,2404.0,1.8606811145510835,34.11,-118.32,high
1.5429,24.0,2.9702380952380953,1.1770833333333333,1215.0,1.8080357142857142,34.1,-118.34,high
2.0341,32.0,3.0432432432432432,1.0324324324324323,626.0,3.383783783783784,34.09,-118.32,mid-high
2.0132,35.0,2.6031746031746033,1.1071428571428572,3548.0,3.5198412698412698,34.09,-118.29,mid
2.8021,47.0,3.7656903765690375,1.1422594142259415,921.0,1.9267782426778242,34.09,-118.35,mid-high
,23.0,2.1724941724941726,1.092074592074592,2795.0,3.257575757575758,34.08,-118.29,mid-high
2.8942,31.0,3.914368650217707,1.0246734397677795,1059.0,1.537010159651669,34.09,-118.37,high
3.7847,52.0,4.739307535641548,1.1303462321792261,1048.0,2.134419551934827,34.09,-118.27,mid-high
,39.0,3.8655256723716382,1.0953545232273838,1934.0,2.3643031784841075,34.08,-118.28,mid-high
2.4038,46.0,3.6126543209876543,1.0848765432098766,2371.0,3.6589506172839505,34.07,-118.26,mid
2.6806,52.0,4.806282722513089,1.057591623036649,3062.0,4.007853403141361,34.08,-118.21,mid-low
4.975,10.0,4.70873786407767,1.0800970873786409,763.0,1.8519417475728155,34.1,-118.18,mid
3.875,37.0,4.79253112033195,0.9336099585062241,814.0,3.3775933609958506,34.07,-118.17,mid-low
1.9271,28.0,2.753623188405797,1.0347826086956522,1485.0,4.304347826086956,34.05,-118.21,mid-low
1.0333,18.0,3.6513761467889907,1.0412844036697249,547.0,2.5091743119266057,34.04,-118.2,mid-low
2.3472,52.0,3.812807881773399,1.0295566502463054,813.0,4.004926108374384,,-118.2,mid-low
,6.0,3.2325581395348837,1.1966173361522199,1051.0,2.221987315010571,34.04,-118.26,mid
1.1642,14.0,2.342070773263434,,2251.0,2.9501965923984272,34.06,-118.28,high
1.7038,13.0,2.6158357771260996,1.0703812316715542,2158.0,3.164222873900293,34.04,-118.27,mid-low
2.6218,49.0,4.2912457912457915,1.0606060606060606,1539.0,2.590909090909091,34.08,-118.31,high
1.9309,23.0,2.926829268292683,1.1162123385939742,2235.0,3.206599713055954,34.06,-118.29,mid-high
3.1406,40.0,4.341145833333333,0.9505208333333334,1161.0,3.0234375,34.05,-118.31,high
4.1618,52.0,6.065602836879433,1.0602836879432624,,2.132978723404255,34.07,-118.34,high
3.5573,21.0,4.104494382022472,1.0741573033707865,1510.0,1.696629213483146,34.07,-118.38,high
3.0862,35.0,4.6978967495219885,1.0554493307839388,1159.0,2.216061185468451,34.05,-118.37,high
3.0956,35.0,4.485969387755102,1.121173469387755,1632.0,2.0816326530612246,34.05,-118.38,high
1.8685,36.0,3.5824175824175826,1.1007326007326008,1672.0,3.062271062271062,34.04,-118.35,mid-low
2.0259,42.0,4.8119891008174385,1.1008174386920981,1117.0,3.043596730245232,34.04,-118.32,mid
1.8316,40.0,3.7833876221498373,1.0765472312703583,1847.0,3.00814332247557,34.03,-118.36,mid-low
1.2786,39.0,2.1400862068965516,1.0905172413793103,1765.0,3.8038793103448274,34.05,-118.3,mid-low
1.0219,29.0,2.921681780708986,1.1409727947238253,3323.0,2.7394888705688376,34.03,-118.29,mid-high
1.5781,31.0,4.569739952718676,1.1300236406619386,1522.0,3.5981087470449173,34.02,-118.3,mid-low
2.1905,52.0,,1.1358695652173914,1655.0,4.497282608695652,34.03,-118.25,mid-low
1.2857,36.0,3.7245762711864407,1.1101694915254237,1034.0,4.38135593220339,34.01,-118.25,low
1.6382,36.0,4.027397260273973,1.0582191780821917,1267.0,,34.0,-118.25,low
1.4886,35.0,3.3049645390070923,1.0425531914893618,1153.0,4.088652482269503,33.99,-118.27,low
1.6875,52.0,4.5390625,1.0963541666666667,,3.140625,34.0,-118.3,mid-low
1.1806,40.0,4.917391304347826,1.2217391304347827,859.0,3.734782608695652,34.0,-118.3,mid-low
1.7159,49.0,4.491735537190083,0.993801652892562,1861.0,3.8450413223140494,33.99,-118.28,low
1.9779,49.0,4.971731448763251,0.950530035335689,889.0,3.1413427561837457,33.99,-118.32,mid-low
2.2396,44.0,4.670967741935484,1.0129032258064516,861.0,2.7774193548387096,33.98,-118.32,low
3.25,28.0,5.528673835125448,1.1129032258064515,1162.0,2.082437275985663,34.0,-118.35,high
1.6611,48.0,4.975247524752476,1.1014851485148516,1208.0,,33.98,-118.3,low
3.725,52.0,5.65625,0.9618055555555556,819.0,2.84375,33.97,-118.31,mid-low
3.9722,47.0,5.739130434782608,1.1331521739130435,1161.0,3.154891304347826,33.96,-118.3,mid-low
1.6027,38.0,3.6452905811623246,0.9959919839679359,2110.0,4.228456913827655,33.97,-118.28,low
1.5313,23.0,3.305,1.0183333333333333,2048.0,3.4133333333333336,33.96,-118.28,low
1.5147,44.0,4.701587301587302,1.0444444444444445,999.0,,33.95,-118.26,low
,32.0,3.901129943502825,1.0593220338983051,1268.0,3.5819209039548023,33.94,-118.28,low
1.25,36.0,4.568047337278107,1.0710059171597632,1938.0,3.8224852071005917,33.95,-118.24,low
0.8984,32.0,4.201581027667984,,992.0,3.9209486166007905,33.93,-118.24,low
15.0,39.0,9.29375,1.01875,414.0,2.5875,34.05,-118.5,high
9.5221,48.0,7.021317829457364,1.0232558139534884,1282.0,2.4844961240310077,34.05,-118.48,high
1.583,19.0,3.1481481481481484,1.0454840805718,3751.0,2.437296946068876,34.07,-118.45,high
4.8304,38.0,5.216648879402348,1.2017075773745998,1698.0,1.8121664887940234,34.05,-118.42,high
3.7813,39.0,4.564738292011019,1.1074380165289257,931.0,2.564738292011019,34.03,-118.45,high
10.9805,52.0,7.658634538152611,1.0481927710843373,681.0,2.7349397590361444,34.04,-118.41,high
3.2222,24.0,3.836236933797909,1.10801393728223,491.0,1.710801393728223,34.03,-118.4,high
3.1875,26.0,3.9218390804597703,1.186206896551724,894.0,2.0551724137931036,34.03,-118.43,high
8.1631,42.0,6.31404958677686,1.0082644628099173,634.0,2.6198347107438016,34.02,-118.43,high
2.599,44.0,4.287390029325513,0.9912023460410557,821.0,2.407624633431085,34.0,-118.44,high
2.6042,37.0,,1.0379918588873813,1801.0,2.4436906377204886,34.0,-118.47,high
2.9722,33.0,4.38288920056101,1.1009817671809257,1720.0,2.41234221598878,33.99,-118.45,high
,35.0,3.4433198380566803,0.9757085020242915,1428.0,2.8906882591093117,33.99,-118.42,high
6.5778,46.0,6.561194029850746,1.0507462686567164,839.0,2.5044776119402985,33.97,-118.39,high
5.1064,16.0,4.142141863699583,1.1082058414464535,6270.0,1.7440890125173854,33.96,-118.43,mid-high
6.2551,37.0,6.348623853211009,1.0152905198776758,,2.3577981651376145,33.95,-118.44,high
3.5473,33.0,4.1089258698941,0.9984871406959153,1807.0,2.7337367624810893,33.83,-118.3,mid-high
3.3929,39.0,4.2740112994350286,1.0310734463276836,1227.0,3.4661016949152543,33.79,-118.27,mid
1.4444,32.0,2.225563909774436,1.0451127819548873,511.0,3.8421052631578947,33.78,-118.25,mid
4.625,48.0,5.152631578947369,1.0157894736842106,,2.889473684210526,33.75,-118.3,mid-high
4.2059,52.0,5.578512396694215,0.9944903581267218,957.0,2.6363636363636362,33.73,-118.31,high
4.25,,4.691747572815534,1.1529126213592233,902.0,2.1893203883495147,33.71,,high
4.4083,41.0,4.311546840958606,1.0806100217864925,1157.0,2.520697167755991,34.23,-118.25,mid-high
7.2812,34.0,7.135652173913043,1.031304347826087,3141.0,2.7313043478260868,34.22,-118.27,high
4.9135,52.0,6.67654986522911,1.0377358490566038,993.0,2.6765498652291106,34.16,-118.25,high
4.325,52.0,5.569131832797428,0.9807073954983923,,2.8135048231511255,34.17,-118.29,high
2.8088,18.0,3.6755555555555555,1.12,1763.0,2.611851851851852,34.15,-118.26,mid-high
1.7301,7.0,3.208398133748056,1.04199066874028,1892.0,2.942457231726283,34.15,-118.24,mid
2.4856,21.0,3.0040650406504064,1.0772357723577235,861.0,3.5,34.12,,mid
4.1731,37.0,5.5625,1.0375,485.0,2.0208333333333335,34.19,,high
,49.0,5.3651226158038146,1.0272479564032697,977.0,2.662125340599455,34.18,-118.33,mid-high
2.473,44.0,5.298630136986302,1.0273972602739727,750.0,2.0547945205479454,34.17,-118.33,mid-high
3.1823,12.0,3.7505882352941176,1.0952941176470588,2118.0,2.491764705882353,34.17,-118.31,mid-high
2.7155,36.0,4.196774193548387,1.0290322580645161,2780.0,4.483870967741935,34.28,-118.45,mid-low
2.2442,42.0,4.795258620689655,1.0452586206896552,1544.0,3.3275862068965516,34.14,-117.91,mid
4.9844,29.0,6.002247191011236,0.9820224719101124,,3.3348314606741574,34.11,-117.83,mid
2.6779,26.0,,1.21285140562249,1847.0,3.708835341365462,34.1,-117.74,mid-low
4.0368,,5.308457711442786,0.9651741293532339,600.0,2.985074626865672,34.08,-117.75,mid-low
3.1641,21.0,4.833333333333333,1.1067146282973621,2558.0,3.067146282973621,34.05,-117.82,mid-low
2.8929,36.0,4.184549356223176,1.0429184549356223,809.0,3.4721030042918457,34.05,-117.73,mid-low
4.9589,12.0,5.918275418275418,1.0566280566280566,4332.0,2.787644787644788,34.01,,mid-high
6.1498,26.0,,0.998158379373849,1664.0,3.0644567219152856,34.09,-117.86,mid-high
4.9239,35.0,5.975609756097561,0.9796747967479674,885.0,3.597560975609756,34.12,-117.89,mid
3.7846,41.0,4.515202702702703,0.9763513513513513,,3.8158783783783785,34.12,-117.91,mid-low
3.2,20.0,4.4081196581196584,1.0598290598290598,1573.0,3.361111111111111,34.07,-117.97,mid-low
2.1062,21.0,4.324281150159744,1.0782747603833867,1742.0,2.7827476038338657,34.09,-117.94,mid
3.5536,35.0,6.098360655737705,1.0590163934426229,1011.0,3.314754098360656,34.08,-117.92,mid
3.5,35.0,4.806179775280899,0.9410112359550562,825.0,2.317415730337079,34.08,-117.89,mid-high
5.0758,35.0,6.378,1.054,1727.0,3.454,34.05,-117.91,mid-high
4.5417,33.0,5.708860759493671,0.9620253164556962,1079.0,4.552742616033755,34.06,-117.98,mid
4.7679,36.0,5.092682926829268,0.975609756097561,982.0,,,-117.95,mid-low
,35.0,6.208333333333333,1.0787037037037037,,4.157407407407407,34.03,-117.92,mid
3.75,29.0,5.318840579710145,1.1231884057971016,1390.0,5.036231884057971,34.04,-117.98,mid
4.7332,22.0,5.669527896995708,,2613.0,2.8036480686695278,33.99,-117.97,high
3.253,20.0,4.582213987957387,1.0574339972209357,7228.0,3.347846225104215,33.98,-117.9,mid
3.0417,24.0,4.534090909090909,1.1022727272727273,1329.0,3.7755681818181817,34.14,-117.98,mid-low
4.0385,52.0,5.053619302949062,1.0750670241286864,764.0,2.0482573726541555,34.17,-118.04,mid-high
3.735,23.0,4.88622754491018,1.091317365269461,1475.0,2.2080838323353293,34.13,-118.05,mid-high
3.6336,27.0,5.319630872483222,1.0813758389261745,2899.0,2.432046979865772,34.14,-117.98,mid-high
4.4236,38.0,5.78140703517588,,1079.0,2.7110552763819094,34.1,-118.03,mid-high
4.7931,36.0,5.462585034013605,1.0816326530612246,889.0,3.0238095238095237,,-118.05,mid-high
2.8333,32.0,,0.9570200573065902,817.0,2.340974212034384,34.09,,mid
2.3611,52.0,2.36,0.7866666666666666,269.0,3.5866666666666664,34.07,-118.04,mid-low
2.4706,31.0,4.156593406593407,1.0686813186813187,1396.0,3.8351648351648353,34.06,-118.03,mid
3.5,32.0,4.733918128654971,0.9444444444444444,1492.0,4.362573099415204,34.04,-118.04,mid
4.7269,48.0,6.975274725274725,1.1675824175824177,930.0,2.5549450549450547,34.19,-118.13,high
6.553,41.0,7.12,1.0133333333333334,680.0,3.022222222222222,34.21,-118.19,high
2.8472,44.0,5.169741697416974,0.9077490774907749,607.0,2.2398523985239853,,-118.17,mid-high
2.2692,37.0,4.449013157894737,1.111842105263158,1551.0,2.5509868421052633,34.17,-118.12,mid-high
1.6921,52.0,3.240740740740741,1.005050505050505,,3.8013468013468015,34.16,-118.15,mid
2.5903,28.0,3.4643962848297214,1.0340557275541795,739.0,2.2879256965944275,34.15,-118.13,mid-low
2.2321,46.0,4.927272727272728,1.3454545454545455,150.0,2.727272727272727,34.15,-118.09,mid-high
5.8692,52.0,7.125,1.0731707317073171,981.0,2.9908536585365852,34.14,-118.12,high
10.7397,46.0,7.460992907801418,1.016548463356974,1109.0,2.6217494089834514,34.12,-118.13,high
5.6152,38.0,5.989510489510489,0.9965034965034965,779.0,2.7237762237762237,34.12,-118.09,high
4.2344,34.0,5.137323943661972,0.977112676056338,1435.0,2.5264084507042255,34.1,-118.12,high
3.4559,,4.645783132530121,1.044578313253012,1847.0,2.225301204819277,34.1,-118.15,high
3.2307,25.0,3.757716049382716,,3518.0,2.7145061728395063,34.09,-118.12,mid
2.6901,34.0,4.502976190476191,1.1428571428571428,986.0,2.9345238095238093,34.08,-118.09,mid-high
2.025,43.0,4.30327868852459,1.0327868852459017,820.0,3.360655737704918,34.07,-118.12,mid-high
3.8472,33.0,5.033690658499235,0.9938744257274119,1783.0,2.7304747320061256,34.05,-118.15,high
3.0347,45.0,4.5375,0.9125,568.0,3.55,34.07,-118.09,mid
4.1375,38.0,5.095070422535211,1.0316901408450705,1042.0,3.6690140845070425,34.03,-118.14,mid-high
2.125,31.0,5.714285714285714,1.1428571428571428,25.0,3.5714285714285716,34.02,,high
3.4306,35.0,4.966292134831461,1.0187265917602997,933.0,3.49438202247191,33.99,-118.1,mid
5.193,42.0,5.662100456621005,0.9155251141552512,1085.0,2.4771689497716896,33.99,,mid-high
6.0648,36.0,5.8983739837398375,0.9105691056910569,608.0,2.4715447154471546,33.97,-118.01,high
3.3214,42.0,4.454828660436137,1.0529595015576323,1269.0,3.953271028037383,,-118.04,mid-low
2.9922,35.0,4.719844357976654,1.0291828793774318,2010.0,3.9105058365758754,33.97,,mid
4.0846,,5.602434077079107,0.9574036511156186,1576.0,3.1967545638945234,33.94,-118.09,mid
3.4219,35.0,4.597765363128492,0.9720670391061452,2151.0,4.005586592178771,33.92,-118.04,mid-low
5.1738,36.0,5.989711934156379,1.0987654320987654,1395.0,2.8703703703703702,,-118.0,mid
5.6454,33.0,5.642297650130549,1.0,1235.0,3.224543080939948,33.9,-117.99,mid
5.1155,35.0,5.68936170212766,0.9957446808510638,692.0,2.9446808510638296,33.91,-118.02,mid-high
1.8906,32.0,3.460348162475822,1.0212765957446808,1429.0,2.7640232108317213,34.02,-118.12,mid-high
1.3971,11.0,4.217821782178218,1.0643564356435644,,3.99009900990099,,-118.16,mid-low
3.0417,44.0,4.333333333333333,1.104417670682731,1249.0,5.016064257028113,34.04,,mid-low
1.7801,45.0,3.663484486873508,1.0310262529832936,1820.0,4.343675417661098,34.02,-118.19,mid-low
1.7981,41.0,3.2965879265091864,1.026246719160105,1511.0,3.9658792650918637,34.02,,mid
2.2847,41.0,,1.0909090909090908,775.0,3.354978354978355,34.01,-118.11,mid
2.6364,39.0,3.577777777777778,0.9111111111111111,319.0,3.5444444444444443,34.01,-118.18,mid-low
1.7207,40.0,3.0656814449917897,1.0394088669950738,2223.0,3.6502463054187193,33.98,-118.25,low
2.1468,33.0,3.2033898305084745,1.0593220338983051,1615.0,4.562146892655368,33.99,-118.2,mid-low
2.4375,36.0,2.814814814814815,0.9601139601139601,1508.0,4.296296296296297,33.99,-118.18,mid-low
2.1743,30.0,3.364394993045897,0.9944367176634215,3208.0,4.461752433936022,33.97,-118.16,mid
2.0162,28.0,3.6154639175257732,0.9989690721649485,3740.0,3.8556701030927836,33.96,-118.19,mid-low
2.5833,37.0,3.606164383561644,0.9006849315068494,1354.0,4.636986301369863,,-118.24,mid-low
1.7396,34.0,3.9581589958158996,1.0627615062761506,1101.0,4.606694560669456,33.96,-118.24,low
2.8371,43.0,4.372340425531915,,1190.0,4.219858156028369,33.96,-118.2,mid
3.5125,44.0,4.602605863192182,0.9706840390879479,1200.0,3.9087947882736156,33.94,-118.2,mid
2.0785,36.0,4.52,1.0466666666666666,1469.0,4.8966666666666665,33.92,,mid-low
,40.0,3.8114754098360657,1.0573770491803278,1203.0,4.930327868852459,33.94,-118.22,mid-low
,44.0,5.053333333333334,,747.0,3.32,33.92,-118.25,low
2.5882,33.0,4.376146788990826,1.1055045871559632,655.0,3.0045871559633026,33.91,-118.26,low
1.5161,28.0,3.904862579281184,1.0570824524312896,2263.0,4.784355179704017,33.91,-118.22,low
,36.0,4.941558441558442,1.08008658008658,1836.0,3.9740259740259742,33.91,-118.2,mid-low
2.25,36.0,4.023041474654378,1.1059907834101383,1086.0,5.0046082949308754,33.89,-118.22,mid-low
2.6812,34.0,4.77972027972028,1.006993006993007,1183.0,4.136363636363637,,-118.25,low
3.8125,,4.7554945054945055,1.1538461538461537,1032.0,2.8351648351648353,,,mid
5.3849,30.0,4.80718085106383,1.0106382978723405,2813.0,3.7406914893617023,33.82,-118.28,mid-high
4.0687,38.0,4.832080200501253,1.0751879699248121,1358.0,3.4035087719298245,33.84,-118.22,mid
4.0774,35.0,,0.9922279792746114,1388.0,3.5958549222797926,33.92,-118.1,mid
3.2,35.0,4.627450980392157,0.9477124183006536,471.0,3.0784313725490198,33.97,-118.12,mid
4.4375,37.0,5.6015625,1.0234375,786.0,3.0703125,33.94,-118.11,mid-high
3.3289,37.0,4.934984520123839,0.9938080495356038,1003.0,3.1052631578947367,33.94,,mid
3.0465,34.0,4.754137115839243,1.115839243498818,1087.0,2.569739952718676,33.91,-118.14,mid
2.895,18.0,4.30958904109589,1.084931506849315,,3.287671232876712,,-118.08,mid-low
4.0461,37.0,4.739669421487603,1.0661157024793388,742.0,3.0661157024793386,33.9,-118.09,mid-low
3.8824,36.0,5.156398104265403,1.09478672985782,617.0,2.924170616113744,33.91,-118.11,mid
3.9333,37.0,4.357558139534884,0.8372093023255814,1237.0,3.5959302325581395,33.91,-118.17,mid
3.625,36.0,5.0756013745704465,1.0481099656357389,788.0,2.7079037800687287,33.9,-118.13,mid
5.0417,15.0,5.26537216828479,0.9676375404530745,1772.0,2.867313915857605,33.87,-118.11,mid-high
5.93,16.0,5.958656330749354,1.0155038759689923,1368.0,3.5348837209302326,33.87,,mid-high
3.425,28.0,5.421212121212121,1.0666666666666667,1347.0,4.081818181818182,33.86,-118.07,mid
4.3194,44.0,5.764069264069264,1.106060606060606,1277.0,2.764069264069264,33.86,-118.12,mid
3.1713,42.0,4.642714570858283,1.003992015968064,1832.0,3.656686626746507,33.88,-118.18,mid
,48.0,4.5894308943089435,1.0345528455284554,1395.0,2.8353658536585367,33.87,-118.17,mid
4.6019,36.0,5.235732009925559,1.032258064516129,1128.0,2.7990074441687347,33.85,-118.13,mid-high
4.8594,,6.481632653061224,1.110204081632653,692.0,2.8244897959183675,33.84,-118.11,mid-high
3.75,37.0,6.257261410788382,1.045643153526971,635.0,2.6348547717842323,33.84,-118.15,mid-high
2.4844,46.0,4.321678321678322,,1360.0,3.1701631701631703,33.85,-118.2,mid
4.6364,11.0,3.9457013574660635,0.918552036199095,422.0,1.909502262443439,33.82,-118.19,mid-low
2.7308,45.0,4.312267657992565,1.0185873605947955,1095.0,4.070631970260223,33.8,-118.21,mid-low
1.6384,42.0,3.7673860911270984,1.0431654676258992,1631.0,3.9112709832134294,33.79,-118.18,mid-low
3.8162,36.0,5.274406332453826,1.029023746701847,887.0,2.3403693931398415,33.82,-118.11,mid-high
4.325,37.0,5.074380165289257,0.9793388429752066,572.0,2.3636363636363638,33.81,,mid-high
6.2187,37.0,6.250922509225092,1.033210332103321,,2.8634686346863467,33.81,-118.11,mid-high
3.1711,44.0,4.033783783783784,,1461.0,2.4679054054054053,33.79,-118.14,mid-high
2.1964,44.0,4.033333333333333,,153.0,5.1,33.79,-118.21,mid-low
1.6178,21.0,3.487562189054726,1.2056384742951907,1064.0,1.7645107794361525,33.77,-118.19,mid-low
2.675,37.0,3.404833836858006,0.9879154078549849,492.0,1.486404833836858,33.77,-118.17,mid-high
3.5812,12.0,4.4271457085828345,1.1307385229540918,2176.0,2.1716566866267466,33.78,-118.15,mid
4.7361,50.0,5.539393939393939,1.0121212121212122,322.0,1.9515151515151514,33.76,-118.14,high
1.5078,36.0,4.544529262086514,1.063613231552163,,3.4783715012722647,33.95,-118.3,low
4.5368,37.0,5.720250521920668,1.0521920668058455,1468.0,3.0647181628392484,33.94,-118.32,mid
5.5,45.0,6.482558139534884,1.058139534883721,949.0,2.758720930232558,33.97,-118.34,mid
3.7237,42.0,3.7324414715719065,1.0133779264214047,1082.0,,33.95,,mid
4.125,52.0,5.036144578313253,1.0542168674698795,,4.5,33.95,-118.37,mid
3.0677,37.0,4.439024390243903,1.102981029810298,1341.0,3.6341463414634148,33.93,-118.34,mid
3.8,41.0,4.773892773892774,1.0233100233100234,1191.0,2.7762237762237763,33.91,-118.36,mid-high
3.5313,39.0,5.660194174757281,1.0776699029126213,640.0,3.1067961165048543,33.9,-118.36,mid-high
4.8304,35.0,6.961956521739131,1.190217391304348,710.0,3.858695652173913,33.92,-118.32,mid-low
3.0739,36.0,4.178997613365155,1.045346062052506,1175.0,2.804295942720764,33.88,-118.29,mid-high
2.6091,21.0,3.7839541547277937,1.1369627507163325,5546.0,3.1782234957020057,33.9,-118.33,mid
3.1325,27.0,4.378086419753086,1.0555555555555556,2141.0,3.3040123456790123,33.89,-118.36,mid-high
4.5729,22.0,4.223826714801444,1.0541516245487366,1141.0,2.05956678700361,33.92,-118.41,high
6.348,34.0,4.989881956155143,1.0775716694772344,1143.0,1.9274873524451939,33.89,-118.41,high
6.02,19.0,5.368794326241135,1.049645390070922,361.0,2.5602836879432624,33.87,-118.37,high
6.3021,24.0,5.763837638376383,1.033210332103321,1312.0,2.4206642066420665,33.86,-118.38,high
5.2276,26.0,4.814921090387374,,2803.0,2.0107604017216643,33.87,-118.4,high
4.3594,17.0,4.721407624633431,1.1114369501466275,670.0,1.964809384164223,33.85,-118.39,high
3.2417,36.0,3.684057971014493,1.0028985507246377,811.0,2.3507246376811595,33.88,-118.33,mid-high
3.6169,28.0,4.111702127659575,1.0265957446808511,,2.4273049645390072,33.87,-118.35,mid-high
6.1187,36.0,6.406976744186046,1.122093023255814,522.0,3.0348837209302326,33.83,-118.35,high
,30.0,5.036931818181818,,905.0,2.571022727272727,33.81,-118.31,high
5.0106,33.0,4.290010741138561,1.0633727175080558,1647.0,1.7690655209452202,33.81,-118.44,high
3.8287,35.0,4.857142857142857,1.0930232558139534,1675.0,2.7823920265780733,33.79,-118.32,mid-high
9.821,21.0,7.548537234042553,1.021941489361702,4649.0,3.091090425531915,33.77,-118.38,high
1.6081,35.0,,1.069139966273187,1108.0,1.8684654300168635,34.09,-118.35,high
3.9375,48.0,4.643939393939394,1.0909090909090908,370.0,1.4015151515151516,34.08,-118.38,high
3.3438,36.0,4.550684931506849,1.082191780821918,690.0,1.8904109589041096,34.06,-118.37,high
4.8125,31.0,4.684331797235023,1.0956221198156681,1532.0,1.7649769585253456,34.04,-118.49,high
8.9616,47.0,7.061371841155235,1.0,724.0,2.6137184115523464,34.04,-118.48,high
2.2917,30.0,3.606761565836299,1.083629893238434,1425.0,2.5355871886120998,34.02,-118.48,high
2.5417,41.0,3.632850241545894,0.9710144927536232,482.0,2.3285024154589373,34.01,-118.47,high
5.4035,44.0,5.616541353383458,0.9849624060150376,618.0,2.3233082706766917,34.01,-118.4,high
3.9643,46.0,5.526315789473684,1.0526315789473684,69.0,3.6315789473684212,34.0,-118.41,mid-high
4.0,49.0,6.866295264623956,1.0362116991643453,1018.0,2.8356545961002784,34.0,-118.34,high
6.8474,9.0,6.35,0.9944444444444445,647.0,3.5944444444444446,34.15,-118.8,high
4.0211,4.0,6.3704712612367205,1.1362026695723235,10493.0,2.8583492236447836,34.68,-118.09,mid-low
,25.0,5.511326860841424,1.1067961165048543,775.0,2.5080906148867315,34.68,-118.14,mid-low
2.1979,16.0,6.166666666666667,,704.0,2.1333333333333333,34.77,-118.19,mid-low
2.7396,7.0,6.548076923076923,1.2019230769230769,485.0,4.663461538461538,34.59,-117.92,mid-low
3.275,32.0,5.5767790262172285,1.146067415730337,774.0,2.898876404494382,,-118.1,low
4.7437,10.0,5.902702702702703,1.0945945945945945,1119.0,3.0243243243243243,34.46,-118.27,high
5.4829,15.0,6.075165806927045,1.0383198231392778,,3.281503316138541,34.43,-118.49,mid
,5.0,6.535603715170279,1.1021671826625388,2024.0,3.1331269349845203,34.36,-118.52,high
3.1326,13.0,6.648414985590778,1.1123919308357348,925.0,2.6657060518731988,37.35,-119.68,mid-low
,17.0,5.376413570274637,1.0145395799676897,1580.0,2.5525040387722133,37.12,-120.27,low
4.5347,12.0,6.504098360655738,1.0655737704918034,1590.0,3.2581967213114753,36.93,-119.88,low
1.4511,32.0,4.644688644688645,1.0366300366300367,549.0,2.010989010989011,36.96,-120.07,low
5.5524,21.0,6.156645569620253,0.9746835443037974,1968.0,3.1139240506329116,38.11,-122.65,mid-high
5.6512,33.0,6.7643718949609655,1.0553584102200142,3798.0,2.695528743789922,38.02,-122.57,high
2.5125,52.0,3.7231503579952268,1.0763723150357996,700.0,1.6706443914081146,37.97,-122.53,mid-high
4.1659,36.0,5.887545344619105,1.053204353083434,1899.0,2.2962515114873034,,-122.59,high
3.5838,,3.9438559322033897,1.0481991525423728,2980.0,1.5783898305084745,37.95,-122.53,mid-high
8.8386,35.0,6.680965147453083,1.096514745308311,812.0,2.1769436997319036,37.88,-122.46,high
7.1924,52.0,5.715942028985507,0.9478260869565217,755.0,2.1884057971014492,37.91,-122.56,high
6.8198,30.0,5.825174825174825,1.1468531468531469,358.0,2.5034965034965033,37.85,-122.62,high
3.0,,6.9854651162790695,1.444767441860465,890.0,2.5872093023255816,37.64,-120.31,mid-low
3.0433,21.0,5.23208722741433,1.0545171339563864,1908.0,2.97196261682243,39.45,-123.64,mid-low
1.5625,21.0,3.930909090909091,0.9236363636363636,715.0,,39.4,-123.36,low
2.1985,17.0,5.154205607476635,1.1168224299065421,1140.0,2.663551401869159,38.9,-123.69,low
1.8042,17.0,4.06015037593985,0.9924812030075187,878.0,2.200501253132832,39.14,-123.2,mid-low
,46.0,5.850340136054422,0.8843537414965986,496.0,,37.4,-120.69,mid-low
3.0911,27.0,5.5285087719298245,1.0614035087719298,1307.0,2.866228070175439,,-120.6,low
2.0809,21.0,5.397435897435898,1.0929487179487178,1052.0,3.371794871794872,37.16,-120.41,low
2.0521,,4.506142506142506,1.0343980343980343,1405.0,3.4520884520884523,37.31,-120.49,low
1.5917,28.0,5.45136186770428,1.1361867704280155,967.0,3.762645914396887,37.3,-120.4,low
2.5363,16.0,5.279411764705882,1.0647058823529412,1642.0,4.829411764705882,37.07,-120.85,low
2.4519,22.0,6.785942492012779,1.3801916932907348,829.0,,41.31,-121.18,low
3.0685,13.0,8.149572649572649,2.324786324786325,575.0,2.4572649572649574,37.64,,mid
2.5329,31.0,4.055639097744361,1.037593984962406,2220.0,3.338345864661654,36.67,-121.62,mid-low
4.6125,16.0,6.109090909090909,1.0363636363636364,1103.0,4.010909090909091,36.9,-121.71,mid-high
4.1696,30.0,6.083333333333333,1.0277777777777777,1372.0,3.175925925925926,36.74,-121.64,mid
1.9722,28.0,5.212435233160622,1.1813471502590673,738.0,3.8238341968911915,36.49,-121.48,mid-high
3.4821,34.0,4.577696526508227,1.0054844606946984,1810.0,3.3089579524680075,36.21,-121.13,mid-low
5.5164,40.0,6.228739002932551,1.316715542521994,643.0,1.8856304985337244,36.56,-121.92,high
3.2865,52.0,4.8839590443686,1.023890784982935,657.0,2.242320819112628,36.62,-121.91,mid-high
2.4922,21.0,3.430939226519337,0.9392265193370166,834.0,2.303867403314917,36.61,-121.92,mid-high
2.9085,21.0,3.9629225736095965,1.1025081788440567,1985.0,2.1646673936750274,36.6,-121.86,mid-low
2.3087,11.0,5.364518250575468,1.059684314370273,28566.0,4.696810259782966,36.64,-121.79,mid-low
3.3021,20.0,5.0,1.0271317829457365,2088.0,2.697674418604651,38.29,-122.27,mid-low
5.3017,15.0,7.495305164319249,1.0985915492957747,1303.0,3.0586854460093895,38.33,-122.33,mid
4.7472,13.0,5.7862407862407865,1.031122031122031,3864.0,3.1646191646191646,38.19,-122.29,mid-low
6.9931,25.0,10.1731843575419,1.9217877094972067,349.0,1.9497206703910615,38.36,-122.26,high
2.1979,22.0,,1.4109589041095891,139.0,1.904109589041096,38.57,-122.26,mid-low
4.2031,13.0,,1.0185185185185186,,2.785185185185185,39.02,-121.08,mid-high
3.1042,14.0,5.437837837837838,1.0108108108108107,462.0,2.497297297297297,39.18,-121.16,mid-low
2.3125,48.0,5.025714285714286,1.1114285714285714,716.0,2.045714285714286,39.2,-121.05,low
3.9537,17.0,6.013461538461539,1.0365384615384616,1390.0,2.673076923076923,39.25,-121.06,mid
3.4792,8.0,36.47826086956522,6.304347826086956,291.0,2.5304347826086957,39.35,-120.24,mid
4.7446,15.0,5.164102564102564,1.0743589743589743,839.0,2.151282051282051,33.93,-117.96,mid
4.2443,34.0,5.244803695150115,1.0092378752886837,1393.0,3.2170900692840645,33.92,-117.93,mid
2.3935,14.0,4.762195121951219,1.1371951219512195,609.0,1.8567073170731707,33.92,-117.89,mid-low
6.5635,10.0,6.982708933717579,1.0259365994236311,1213.0,3.4956772334293946,33.9,-117.96,high
3.7222,35.0,5.53932584269663,1.0308988764044944,1152.0,3.235955056179775,,-117.96,mid
3.9375,46.0,4.611607142857143,,1275.0,2.845982142857143,33.87,-117.94,mid
3.0263,15.0,2.5864864864864865,0.972972972972973,615.0,1.662162162162162,33.88,-117.88,mid
3.0214,19.0,4.113662456946039,1.0459242250287026,2300.0,2.640642939150402,33.89,-117.88,mid-high
5.9639,22.0,6.330708661417323,1.031496062992126,1486.0,,33.89,-117.85,mid-high
5.3339,19.0,6.466230936819172,1.0958605664488017,1430.0,3.1154684095860565,33.88,-117.81,high
6.5841,14.0,7.271375464684015,1.0483271375464684,671.0,2.4944237918215615,33.93,-117.83,high
7.2554,16.0,7.577154308617234,1.0100200400801602,1665.0,3.3366733466933867,33.85,-117.78,high
6.925,18.0,7.902004454342984,1.0556792873051224,1506.0,3.354120267260579,33.78,-117.8,high
7.9294,18.0,7.722488038277512,1.0047846889952152,692.0,3.311004784688995,33.57,-117.67,mid-high
3.7139,9.0,5.714093959731543,1.0536912751677852,1293.0,1.7355704697986578,33.62,-117.63,mid
5.136,15.0,9.466666666666667,1.3777777777777778,133.0,2.9555555555555557,33.52,-117.55,high
6.1557,35.0,6.406015037593985,1.012531328320802,946.0,2.3709273182957395,33.41,-117.61,high
4.3897,3.0,5.584053794428434,1.2142170989433236,2363.0,2.269932756964457,33.44,-117.59,high
6.3369,4.0,4.863731656184487,0.8490566037735849,1408.0,2.951781970649895,33.47,-117.63,mid-high
7.9283,,7.703016241299304,0.988399071925754,1432.0,3.3225058004640373,33.59,-117.69,high
3.86,23.0,5.518927444794953,1.138801261829653,1480.0,2.334384858044164,33.47,-117.69,high
,4.0,7.875,0.9821428571428571,705.0,3.1473214285714284,33.55,-117.69,high
6.5206,14.0,6.1907790143084265,1.068362480127186,1490.0,2.368839427662957,33.47,-117.71,high
5.5584,23.0,,1.084862385321101,,3.4426605504587156,33.63,-117.7,mid-high
2.885,9.0,5.323108384458077,1.0143149284253579,4660.0,4.76482617586912,33.71,-117.82,mid
,8.0,5.976470588235294,1.026470588235294,,2.5352941176470587,33.68,-117.8,mid-high
6.276,17.0,6.433333333333334,0.9755555555555555,1588.0,3.528888888888889,33.67,-117.82,high
8.7385,16.0,8.244623655913978,1.064516129032258,1275.0,3.4274193548387095,,-117.79,high
4.0,16.0,5.145748987854251,1.008097165991903,1022.0,2.068825910931174,33.66,-117.8,mid-high
7.9794,28.0,6.427083333333333,1.0395833333333333,1176.0,2.45,33.53,-117.76,high
2.6759,17.0,4.631205673758865,1.0319148936170213,832.0,1.475177304964539,33.61,-117.73,mid-low
8.1093,17.0,7.315359477124183,0.9967320261437909,1798.0,2.9379084967320264,33.63,-117.81,high
3.6538,25.0,,1.2394067796610169,906.0,1.9194915254237288,33.6,-117.9,high
15.0001,15.0,8.062043795620438,1.0036496350364963,735.0,2.6824817518248176,33.62,-117.87,high
3.9306,37.0,4.58256880733945,1.0825688073394495,1030.0,2.3623853211009176,33.64,-117.91,mid-high
6.5928,28.0,5.0573065902578795,1.1174785100286533,832.0,2.383954154727794,33.62,-117.94,high
3.4417,15.0,3.0872641509433962,1.125,1330.0,3.1367924528301887,33.65,-117.92,mid
3.1483,26.0,3.947867298578199,1.046716316858497,4738.0,3.2078537576167907,33.65,-117.93,mid-high
3.5326,13.0,3.1783625730994154,0.9941520467836257,817.0,2.388888888888889,33.71,-117.87,mid-high
4.7422,23.0,5.406844106463878,0.9885931558935361,1092.0,4.152091254752852,33.71,-117.89,mid
,,3.417293233082707,1.0845864661654134,1426.0,2.680451127819549,33.74,,mid-low
3.0824,33.0,3.7694524495677233,1.080691642651297,2175.0,6.268011527377522,33.73,-117.89,mid
1.5026,10.0,3.326642335766423,1.0766423357664234,2176.0,3.9708029197080292,33.75,-117.88,mid-low
3.8056,36.0,4.651488616462347,1.001751313485114,2370.0,4.15061295971979,33.76,-117.89,mid
3.5195,26.0,6.090909090909091,1.0563636363636364,1314.0,,33.77,-117.84,mid-high
13.466,26.0,8.874233128834355,,,3.0153374233128836,33.75,,high
,8.0,9.180451127819548,1.1077694235588973,2569.0,3.219298245614035,33.83,-117.81,high
8.9257,19.0,8.213541666666666,1.015625,1404.0,3.65625,33.81,-117.81,high
4.7208,19.0,4.719798657718121,0.9513422818791947,1334.0,2.238255033557047,33.78,-117.87,mid
4.3661,35.0,5.797665369649805,0.9766536964980544,629.0,2.4474708171206228,33.8,-117.84,mid-high
6.0488,,5.826797385620915,0.9738562091503268,1048.0,3.4248366013071894,33.82,-117.88,mid-high
4.9306,17.0,4.635245901639344,0.9672131147540983,622.0,2.5491803278688523,33.85,-117.86,mid
3.4028,32.0,3.075892857142857,1.0982142857142858,1202.0,2.6830357142857144,33.84,,mid
2.5577,24.0,3.690533015115354,1.0930787589498807,3093.0,2.460620525059666,33.83,-118.01,mid
3.25,20.0,4.72093023255814,1.1162790697674418,494.0,2.872093023255814,33.83,-117.94,high
1.119,9.0,3.5692307692307694,1.1323076923076922,735.0,2.2615384615384615,33.83,-117.91,mid
2.4833,22.0,3.8443579766536966,1.0752269779507133,2639.0,3.4228274967574577,33.8,-117.9,mid
5.118,33.0,6.049122807017544,1.0210526315789474,943.0,3.3087719298245615,33.81,-117.95,mid
3.3281,25.0,5.102728731942215,1.0256821829855538,2526.0,4.054574638844302,33.8,-117.99,mid
4.425,33.0,6.103359173126615,1.0180878552971577,1185.0,3.062015503875969,33.8,-117.96,mid
3.522,28.0,,1.079865016872891,3282.0,3.6917885264341956,33.77,-117.92,mid
3.1771,18.0,5.046070460704607,1.08130081300813,1301.0,3.5257452574525745,33.76,-117.97,mid
4.2219,24.0,,1.1151315789473684,1472.0,4.842105263157895,33.75,-117.93,mid
3.3846,15.0,2.930327868852459,,1394.0,5.713114754098361,33.74,-117.91,mid
5.5312,27.0,5.623376623376624,0.9837662337662337,1115.0,3.6201298701298703,33.68,-117.95,mid-high
6.7919,19.0,7.377981651376147,1.0220183486238532,1872.0,3.434862385321101,33.73,-117.93,high
7.7313,,6.793478260869565,0.9320652173913043,1242.0,3.375,33.69,-117.96,high
6.2984,,6.022801302931596,0.9348534201954397,2046.0,3.3322475570032575,33.73,-117.97,mid-high
4.2165,15.0,4.962085308056872,1.0489731437598737,1729.0,2.7314375987361768,33.67,-117.99,mid-high
5.163,24.0,5.5,1.0116279069767442,2465.0,2.605708245243129,33.72,-118.03,mid-high
4.0238,,3.849056603773585,1.0272536687631026,942.0,1.9748427672955975,33.72,-118.04,mid
15.0001,,8.35423197492163,1.0376175548589341,964.0,3.0219435736677114,33.72,-118.06,high
,25.0,7.438172043010753,0.9301075268817204,1148.0,3.086021505376344,33.74,-118.0,high
3.369,30.0,4.378830083565459,1.0083565459610029,1351.0,3.7632311977715878,33.76,-117.99,mid
5.635,27.0,6.802721088435374,1.054421768707483,880.0,2.993197278911565,33.77,-118.03,mid-high
5.5767,34.0,6.609826589595376,1.0028901734104045,1051.0,3.03757225433526,33.78,-118.08,high
6.983,21.0,7.477064220183486,0.9984709480122325,2295.0,3.5091743119266057,33.84,-118.05,high
4.88,21.0,5.882089552238806,0.9776119402985075,1897.0,2.8313432835820898,33.83,-118.06,high
4.4583,18.0,4.918309859154929,1.0169014084507042,3032.0,2.846948356807512,33.81,-118.01,mid
4.0039,30.0,5.1806020066889635,1.0869565217391304,885.0,2.959866220735786,33.84,-118.0,mid
5.0731,9.0,5.071698113207547,1.0528301886792453,530.0,2.0,33.88,-117.97,mid
3.1193,21.0,20.033333333333335,3.8266666666666667,385.0,2.566666666666667,39.24,-120.11,mid-low
3.3802,17.0,5.756559766763848,1.0451895043731778,1683.0,2.4533527696793005,38.86,-121.12,mid-high
2.6065,19.0,5.648175182481752,1.294890510948905,2086.0,3.0452554744525546,38.74,-121.27,mid-low
3.816,7.0,5.658705216844751,1.0930232558139534,4445.0,2.793840351979887,38.8,-121.28,mid-low
3.1691,45.0,4.96068796068796,,1104.0,2.7125307125307123,38.9,-121.29,low
2.7463,18.0,5.122015915119364,1.0079575596816976,1271.0,3.3713527851458887,,-121.08,mid-low
2.0221,20.0,4.721875,1.025,791.0,2.471875,39.9,-120.93,low
1.625,38.0,6.304347826086956,1.6521739130434783,219.0,1.9043478260869566,40.01,-121.23,low
3.145,37.0,5.3478260869565215,1.034324942791762,,2.1693363844393594,33.98,-117.39,mid
6.6635,14.0,7.50080775444265,1.0250403877221326,3565.0,2.879644588045234,33.94,-117.37,mid-high
2.7452,33.0,4.9564270152505445,1.0217864923747277,1691.0,3.684095860566449,33.96,-117.42,low
2.4435,22.0,4.125370187561698,1.0671273445212242,2096.0,2.069101678183613,33.94,-117.41,mid-low
4.3222,15.0,6.361247216035634,1.1184855233853006,7540.0,3.3585746102449887,33.91,-117.43,mid-low
4.8371,17.0,6.087053571428571,1.03125,1691.0,3.7745535714285716,33.98,-117.49,mid
7.5408,3.0,8.493150684931507,1.0342465753424657,519.0,3.5547945205479454,33.93,,mid-high
3.6979,34.0,4.771341463414634,0.9024390243902439,1142.0,3.481707317073171,33.95,-117.46,low
4.7295,14.0,5.60377358490566,0.969811320754717,6295.0,3.393530997304582,33.89,-117.48,mid-low
2.3333,37.0,4.6,1.1555555555555554,443.0,,33.87,-117.57,mid-low
5.5362,7.0,7.067741935483871,1.0451612903225806,1156.0,3.729032258064516,33.83,-117.53,mid
7.4141,20.0,7.712605042016807,0.9983193277310924,1660.0,2.7899159663865545,33.94,-117.34,mid-high
1.3125,10.0,,0.9680365296803652,773.0,3.529680365296804,33.94,-117.28,mid-low
4.6,7.0,5.133333333333334,0.8,64.0,4.266666666666667,33.83,-117.17,mid
4.065,6.0,6.347670250896058,1.050179211469534,935.0,3.3512544802867383,33.82,-117.08,mid-low
2.1484,19.0,5.235973597359736,1.118811881188119,2204.0,3.636963696369637,33.75,,mid-low
3.6273,7.0,6.651162790697675,1.140396210163652,2975.0,2.5624461670973298,33.61,-117.21,mid-low
5.2066,4.0,10.5,1.4456521739130435,311.0,3.380434782608696,33.51,-117.32,high
2.5898,35.0,4.636879432624114,1.073758865248227,2328.0,,33.75,-116.96,low
2.0135,21.0,4.53030303030303,1.0469696969696969,2108.0,3.193939393939394,33.79,-116.96,low
3.7083,26.0,8.525423728813559,1.1694915254237288,293.0,4.966101694915254,33.92,-116.99,mid-low
1.4556,32.0,4.356449375866852,1.1262135922330097,2589.0,3.590846047156727,33.93,-116.87,low
1.95,21.0,5.510729613733906,1.3133047210300428,537.0,2.3047210300429186,33.89,-116.51,low
2.9647,16.0,7.537023186237846,1.6350037397157815,3048.0,2.279730740463725,33.85,-116.53,mid-low
4.6855,5.0,6.631184407796102,1.143928035982009,1906.0,2.8575712143928036,33.88,-116.53,mid-low
4.4107,26.0,6.4275037369207775,1.1464872944693572,1557.0,2.327354260089686,33.77,-116.47,mid-low
3.6354,7.0,6.307152875175316,1.1654978962131837,2248.0,3.152875175315568,33.66,-116.31,low
2.2989,26.0,4.48411214953271,1.1682242990654206,2654.0,4.960747663551402,33.7,-116.2,low
2.375,17.0,4.238095238095238,0.9047619047619048,79.0,3.761904761904762,33.69,-116.18,mid-low
1.625,21.0,4.549199084668192,1.105263157894737,1182.0,2.7048054919908466,33.6,-114.6,low
1.4375,52.0,4.0,1.296,456.0,1.824,38.58,-121.49,mid
3.2386,52.0,5.58125,0.99375,367.0,2.29375,38.57,-121.46,mid-high
1.1458,48.0,3.2470238095238093,1.1994047619047619,926.0,2.755952380952381,38.55,-121.47,low
5.6402,52.0,6.214285714285714,1.015625,957.0,2.1361607142857144,38.55,-121.5,mid-high
1.8333,48.0,5.72,1.1714285714285715,605.0,3.4571428571428573,38.54,-121.46,low
1.9423,21.0,4.900452488687783,1.004524886877828,2611.0,3.93815987933635,38.51,-121.42,low
2.1975,41.0,5.373801916932908,1.0942492012779552,1841.0,2.940894568690096,38.54,-121.48,low
,,6.236363636363636,0.9636363636363636,1365.0,2.757575757575758,38.5,-121.53,mid-high
2.1679,34.0,4.792405063291139,1.0506329113924051,884.0,2.2379746835443037,38.53,-121.45,low
1.4007,20.0,3.9021113243762,1.1247600767754318,1281.0,2.4587332053742803,38.5,,low
3.5278,25.0,5.144549763033176,1.0213270142180095,1053.0,2.495260663507109,38.55,-121.39,mid-low
3.4784,36.0,4.974317817014446,0.971107544141252,1322.0,2.1219903691813804,38.61,-121.41,low
3.5179,36.0,6.339195979899498,1.0075376884422111,927.0,2.329145728643216,38.59,-121.37,mid
2.5511,25.0,4.327464788732394,1.0941901408450705,2140.0,1.8838028169014085,38.61,-121.35,mid-low
1.8176,45.0,4.632302405498282,1.0721649484536082,1059.0,1.8195876288659794,38.62,-121.39,mid
3.1696,18.0,5.1647727272727275,1.125,661.0,3.7556818181818183,38.65,-121.43,low
2.4205,43.0,4.433962264150943,1.119496855345912,464.0,2.9182389937106916,38.61,-121.46,low
2.3438,18.0,4.970394736842105,1.0361842105263157,1062.0,3.4934210526315788,38.61,-121.48,low
2.7179,35.0,4.876344086021505,0.9865591397849462,1076.0,,38.66,-121.43,low
3.6484,18.0,6.4983498349834985,1.0709570957095709,1861.0,3.070957095709571,38.7,-121.37,low
3.6937,33.0,6.563318777292577,1.2314410480349345,652.0,2.8471615720524017,38.64,-121.39,low
2.7181,23.0,4.8675,1.0225,866.0,2.165,38.63,-121.33,mid-low
4.7381,26.0,6.007490636704119,0.9176029962546817,751.0,2.8127340823970037,38.66,-121.31,mid-low
5.6864,21.0,7.677777777777778,1.0083333333333333,902.0,2.5055555555555555,38.64,-121.25,mid-high
3.5769,32.0,5.466472303206997,1.0524781341107872,1027.0,2.9941690962099123,38.71,-121.29,low
2.1009,16.0,4.499565595134666,1.104257167680278,2181.0,1.894874022589053,38.68,-121.31,low
4.2273,18.0,5.069252077562327,0.8670360110803325,905.0,2.5069252077562325,38.67,-121.26,mid-low
4.4695,23.0,6.677536231884058,0.9891304347826086,818.0,2.963768115942029,38.71,-121.22,mid-high
3.1161,21.0,5.369465648854962,1.0183206106870228,1687.0,2.5755725190839693,38.68,-121.16,mid-low
3.1194,17.0,4.760683760683761,1.0769230769230769,848.0,2.415954415954416,38.6,-121.28,mid-low
,12.0,5.021335807050093,1.0383426097711812,8656.0,2.676561533704391,38.54,-121.35,mid-low
5.4445,,,1.2151898734177216,990.0,3.132911392405063,38.43,-121.39,mid-high
4.4107,17.0,6.426966292134831,1.1348314606741574,626.0,3.5168539325842696,38.31,-121.27,mid-low
3.0833,24.0,6.42,1.108,1966.0,7.864,38.34,-121.41,mid
3.0912,40.0,4.396261682242991,1.0018691588785047,1430.0,2.6728971962616823,36.84,-121.4,mid-low
5.6501,4.0,6.162349968414403,1.104232469993683,4662.0,2.9450410612760582,,-117.74,mid-high
2.3049,25.0,3.641843971631206,1.0797872340425532,2271.0,4.026595744680851,34.06,-117.7,mid-low
5.7021,15.0,6.437007874015748,0.9330708661417323,2711.0,3.557742782152231,34.0,-117.7,mid
5.3525,15.0,6.6849894291754755,1.0465116279069768,1145.0,2.4207188160676534,34.12,-117.67,mid
3.875,28.0,5.767123287671233,1.1324200913242009,601.0,2.7442922374429224,34.1,-117.67,mid
2.7159,44.0,5.1054545454545455,1.0636363636363637,1444.0,2.6254545454545455,,-117.65,mid-low
3.8355,38.0,5.112994350282486,1.0480225988700564,1257.0,,34.08,-117.63,mid-low
2.4583,26.0,4.361643835616438,1.1753424657534246,1182.0,,34.06,-117.67,mid-low
4.8906,16.0,6.404210526315789,1.1031578947368421,1516.0,3.191578947368421,34.02,-117.67,mid
2.125,6.0,5.904761904761905,1.119047619047619,119.0,2.8333333333333335,34.02,-117.64,high
4.4611,21.0,6.2759134973900075,1.0335570469798658,4308.0,3.2125279642058167,34.13,-117.61,mid
3.2056,7.0,5.564485981308411,1.0009345794392523,3567.0,,34.12,-117.43,mid-low
5.0175,4.0,5.424050632911392,1.0268987341772151,2158.0,3.4145569620253164,34.04,-117.5,mid-low
3.4844,28.0,5.18018018018018,0.9436936936936937,1312.0,2.954954954954955,34.08,-117.42,mid-low
2.4028,19.0,4.3478260869565215,0.9173913043478261,572.0,2.4869565217391303,34.1,-117.39,mid-low
2.3889,44.0,4.933806146572104,1.0567375886524824,1270.0,3.0023640661938535,34.1,-117.37,low
2.225,37.0,5.2701149425287355,,,3.442528735632184,34.14,-117.34,low
5.7628,16.0,5.6911764705882355,0.8970588235294118,489.0,3.5955882352941178,34.22,-117.38,mid-high
1.9432,39.0,5.565625,1.046875,841.0,2.628125,34.14,-117.3,low
1.608,34.0,4.295819935691318,1.1093247588424437,1009.0,3.2443729903536975,34.09,-117.31,low
1.4815,52.0,5.327472527472527,1.1604395604395605,1171.0,2.573626373626374,34.13,-117.29,low
,37.0,6.237226277372263,1.0145985401459854,744.0,2.7153284671532845,34.16,-117.25,mid-low
1.8463,17.0,,1.1695178849144634,2160.0,3.3592534992223952,34.12,-117.25,low
2.1591,52.0,6.122137404580153,1.2213740458015268,564.0,4.305343511450381,34.06,-117.32,low
4.6708,17.0,6.071672354948806,0.9965870307167235,1006.0,3.4334470989761092,34.02,-117.32,mid-low
3.2604,9.0,5.018105849582173,1.0947075208913648,1782.0,2.481894150417827,34.06,,low
2.1563,29.0,4.475548060708263,1.1247892074198989,1822.0,3.072512647554806,34.12,-117.24,low
2.1154,28.0,5.12156862745098,1.0941176470588236,885.0,3.4705882352941178,34.07,-117.18,low
4.6806,36.0,6.716012084592145,1.0906344410876132,942.0,2.8459214501510575,34.03,,mid-low
6.3308,33.0,7.183385579937304,1.0156739811912225,1760.0,2.7586206896551726,34.03,-117.17,mid-high
2.1927,27.0,,1.0654288240495138,2645.0,2.3386383731211318,34.01,-117.05,mid-low
3.0357,7.0,5.541490857946554,1.0745428973277074,2140.0,3.009845288326301,34.54,-117.36,low
5.1112,4.0,7.366459627329193,1.1211180124223603,1017.0,3.158385093167702,34.49,-117.25,mid
3.2596,25.0,5.227926078028747,1.002053388090349,1338.0,2.747433264887064,34.54,-117.3,low
4.1933,,6.674351585014409,1.085014409221902,1851.0,2.6671469740634004,34.48,-117.26,mid
3.1505,9.0,5.6231203007518795,1.0545112781954886,3515.0,3.3035714285714284,34.46,-117.34,low
1.3811,21.0,8.579212916246217,2.6579212916246218,2330.0,2.3511604439959637,34.45,-116.51,low
1.3333,30.0,8.571428571428571,2.1587301587301586,122.0,1.9365079365079365,34.22,-115.52,low
2.5446,27.0,22.646341463414632,3.953658536585366,1135.0,2.768292682926829,34.26,-117.16,mid-low
3.5288,16.0,12.368852459016393,2.1434426229508197,,2.278688524590164,34.25,-116.9,mid
1.6875,38.0,17.26923076923077,4.980769230769231,106.0,2.0384615384615383,34.19,-116.88,mid-high
3.5507,4.0,7.32798833819242,1.161807580174927,1869.0,2.7244897959183674,34.59,-117.24,mid
3.1921,27.0,3.957627118644068,1.023728813559322,982.0,1.664406779661017,32.74,-117.16,mid-high
2.1937,20.0,3.625766871165644,1.1625766871165644,678.0,2.079754601226994,32.75,-117.14,mid
,,4.569200779727096,1.064327485380117,1134.0,2.210526315789474,32.75,-117.12,mid-low
2.7928,48.0,5.106598984771574,1.0710659898477157,893.0,2.266497461928934,32.77,-117.12,mid
1.5517,31.0,,0.9748110831234257,816.0,2.0554156171284634,32.76,-117.09,mid-low
2.32,,4.206989247311828,1.0470430107526882,2472.0,3.3225806451612905,32.74,-117.09,low
2.0077,20.0,4.305194805194805,1.0995670995670996,,3.142857142857143,32.75,-117.08,mid-low
1.7743,20.0,3.9611197511664074,,1199.0,1.864696734059098,32.76,-117.08,mid-low
3.1923,31.0,5.348697394789579,1.0300601202404809,1626.0,3.258517034068136,,-117.06,mid-low
5.1769,18.0,6.107806691449814,1.0520446096654275,1134.0,4.215613382899628,32.7,-117.02,mid-low
5.6889,33.0,,1.0668058455114822,1528.0,3.1899791231732775,32.66,-117.06,mid-high
1.4089,22.0,4.1678200692041525,1.0069204152249136,1887.0,3.264705882352941,32.7,-117.09,low
1.3194,14.0,3.4556962025316458,1.0,827.0,3.4894514767932487,32.7,-117.12,low
1.2614,42.0,3.729641693811075,1.022801302931596,1114.0,3.6286644951140063,32.71,-117.13,low
1.8456,32.0,3.456730769230769,1.2067307692307692,894.0,,32.71,-117.14,low
1.3657,50.0,3.9583333333333335,1.4333333333333333,483.0,4.025,32.7,-117.15,mid
3.0571,49.0,4.426829268292683,1.2073170731707317,601.0,1.4658536585365853,32.74,-117.16,high
2.4016,41.0,5.564755838641189,1.1507430997876857,1074.0,2.2802547770700636,32.74,-117.22,high
2.6962,36.0,4.096997690531178,1.1039260969976905,1648.0,1.9030023094688222,32.74,-117.25,high
2.2328,34.0,3.226973684210526,,508.0,1.6710526315789473,32.75,-117.28,mid-high
2.93,23.0,,1.0692464358452138,1029.0,2.095723014256619,32.8,-117.22,mid
3.101,29.0,,1.0462633451957295,1513.0,1.7947805456702255,32.8,-117.24,mid-high
2.3187,34.0,5.184729064039409,1.0935960591133005,780.0,1.9211822660098523,32.85,-117.27,high
7.8013,19.0,7.248275862068965,1.0510344827586207,1773.0,2.4455172413793105,32.82,-117.25,high
5.0855,15.0,6.039007092198582,1.1347517730496455,587.0,2.0815602836879434,32.86,-117.23,mid-high
3.7837,14.0,4.275177304964539,1.0070921985815602,2165.0,3.0709219858156027,32.91,-117.14,mid
4.4615,16.0,4.774818401937046,0.9733656174334141,1377.0,3.334140435835351,32.92,-117.15,mid
5.4605,31.0,5.436813186813187,0.9986263736263736,1924.0,2.642857142857143,32.83,-117.22,mid
5.253,35.0,6.208092485549133,1.0404624277456647,442.0,2.554913294797688,32.82,-117.19,mid
2.2899,14.0,4.145593869731801,1.053639846743295,2046.0,1.9597701149425288,32.81,-117.16,mid
3.3375,32.0,4.053864168618267,0.9672131147540983,1569.0,3.6744730679156907,32.79,-117.16,mid-low
4.7788,,6.422932330827067,1.0018796992481203,1245.0,,32.79,-117.2,mid-high
4.4886,34.0,5.945578231292517,1.0,800.0,2.7210884353741496,32.81,-117.14,mid
4.3783,16.0,6.028612303290415,1.0643776824034334,1820.0,2.603719599427754,32.83,-117.1,mid
5.1488,31.0,6.296296296296297,0.9753086419753086,1017.0,2.511111111111111,32.8,-117.07,mid
4.1162,27.0,6.334224598930481,0.9893048128342246,927.0,2.478609625668449,32.8,-117.02,mid
4.1518,22.0,,,1551.0,4.180592991913747,32.58,-117.05,mid-low
1.7301,5.0,3.1649122807017545,1.0818713450292399,3148.0,3.68187134502924,32.56,-117.06,mid-low
3.6736,23.0,5.556574923547401,0.9877675840978594,1371.0,4.192660550458716,32.57,-117.09,mid-low
2.1179,18.0,4.107583774250441,1.0229276895943562,1538.0,2.7125220458553794,32.59,-117.11,mid-low
1.6806,46.0,3.948936170212766,1.004255319148936,790.0,3.3617021276595747,32.67,-117.11,low
,45.0,4.447368421052632,1.086466165413534,900.0,3.3834586466165413,32.68,-117.1,low
1.6806,11.0,3.2058252427184466,1.0349514563106796,947.0,1.8388349514563107,32.64,-117.08,mid-low
2.24,30.0,3.9302325581395348,1.0588235294117647,1593.0,2.179206566347469,32.64,-117.07,mid-low
2.1765,10.0,4.312020460358056,1.0588235294117647,1000.0,2.557544757033248,32.61,-117.07,mid-low
5.152,26.0,6.209302325581396,1.041860465116279,742.0,3.4511627906976745,32.6,-117.03,mid-low
5.2489,14.0,6.025862068965517,1.0258620689655173,1466.0,3.1594827586206895,32.63,-117.03,mid-high
5.9202,9.0,6.115131578947368,1.0098684210526316,947.0,3.1151315789473686,32.76,-116.92,mid
2.981,20.0,5.248502994011976,1.035928143712575,1977.0,2.9595808383233533,32.71,-117.01,mid-low
3.6848,33.0,4.819875776397516,0.9565217391304348,2288.0,2.8422360248447207,32.74,-117.04,mid-low
4.2992,31.0,6.113695090439276,0.9896640826873385,1077.0,2.7829457364341086,32.79,-117.03,mid
3.3906,33.0,5.695550351288056,1.0374707259953162,1147.0,2.6861826697892273,32.78,-116.95,mid-low
3.0192,19.0,4.9178885630498534,1.0249266862170088,1948.0,2.8563049853372435,32.79,-116.93,mid-low
2.4367,15.0,4.019447287615148,1.0419651995905834,2204.0,2.255885363357216,32.8,-116.97,mid-low
3.8024,18.0,,0.9949579831932773,1904.0,3.2,32.82,-116.95,mid-low
,5.0,4.548066298342541,1.0939226519337018,2770.0,3.0607734806629834,32.85,-116.93,mid-low
5.1185,15.0,6.2020905923344944,1.0331010452961673,1757.0,3.0609756097560976,32.85,-116.89,mid
4.5746,13.0,5.500819672131148,1.0295081967213116,3683.0,3.0188524590163937,32.97,-117.04,mid
5.3074,,4.617241379310345,0.9793103448275862,761.0,2.6241379310344826,,-117.08,mid-low
4.4766,,5.8039772727272725,1.1022727272727273,705.0,2.002840909090909,32.9,-117.11,mid
5.4584,3.0,6.033160621761658,1.1523316062176165,,2.6404145077720207,32.97,-117.08,mid-high
7.5975,16.0,7.11614730878187,1.0084985835694051,795.0,2.2521246458923514,33.0,-117.24,high
3.5313,16.0,5.384615384615385,1.0649038461538463,1104.0,2.6538461538461537,33.03,-117.27,mid-low
3.194,24.0,4.911764705882353,1.1561085972850678,870.0,1.9683257918552035,33.06,-117.3,mid-high
2.5509,26.0,,1.0897920604914935,2372.0,2.2419659735349717,33.18,-117.36,mid
4.25,24.0,5.322147651006712,0.8791946308724832,,3.0604026845637584,33.21,-117.35,mid-low
3.0704,18.0,5.365748709122203,1.0611015490533562,4127.0,3.5516351118760756,33.19,-117.29,mid-low
,14.0,,1.0104843782763682,35682.0,7.48207171314741,33.35,-117.42,mid-low
5.5395,14.0,6.256578947368421,1.111842105263158,848.0,2.789473684210526,33.46,-117.34,mid-high
3.3882,17.0,6.155778894472362,1.1256281407035176,1693.0,2.835845896147404,33.22,-117.22,mid
3.0197,26.0,4.4637002341920375,0.955503512880562,1325.0,3.1030444964871196,33.21,-117.26,mid-low
5.04,22.0,7.160944206008583,1.111587982832618,1288.0,2.763948497854077,33.2,-117.21,mid-high
,11.0,5.714285714285714,0.9933035714285714,952.0,2.125,33.15,-117.29,low
3.4833,15.0,5.746153846153846,0.9769230769230769,997.0,2.556410256410256,33.15,-117.13,mid
7.0423,22.0,14.189349112426035,2.408284023668639,349.0,2.06508875739645,33.09,,high
2.6152,17.0,4.62483039348711,,4526.0,3.0705563093622796,33.13,-117.07,mid-low
4.3513,12.0,6.184840425531915,1.0658244680851063,4074.0,2.708776595744681,33.07,-117.14,mid
4.0484,11.0,5.934179222839017,1.0118953211736716,3516.0,2.788263283108644,33.09,-117.06,mid-high
4.6518,17.0,5.811594202898551,0.9855072463768116,251.0,3.63768115942029,33.02,-116.86,mid
4.2321,17.0,6.3237971391417425,1.0988296488946685,2266.0,2.9466840052015604,32.85,-116.75,mid-high
4.4712,52.0,4.490909090909091,1.0303030303030303,277.0,1.6787878787878787,37.8,-122.42,high
4.2458,,3.9129989764585464,1.0644831115660185,1830.0,1.873080859774821,37.8,-122.42,high
2.3304,26.0,1.8247191011235955,1.1393258426966293,628.0,1.4112359550561797,37.78,-122.42,high
4.0417,52.0,4.791666666666667,1.1180555555555556,553.0,1.9201388888888888,37.8,-122.43,high
3.975,52.0,3.731006160164271,1.0985626283367556,800.0,1.6427104722792607,37.79,-122.44,high
3.7159,52.0,4.574829931972789,0.9897959183673469,560.0,1.9047619047619047,37.78,-122.45,high
0.9355,24.0,3.482051282051282,1.1897435897435897,1371.0,2.3435897435897437,37.78,-122.43,mid-low
2.5186,52.0,,0.9667590027700831,589.0,1.631578947368421,37.77,-122.42,mid-high
3.2292,52.0,6.5636363636363635,1.3818181818181818,168.0,3.0545454545454547,37.77,-122.41,mid-high
,52.0,4.442942942942943,1.0255255255255256,1145.0,,37.76,-122.44,high
2.1289,52.0,3.021172638436482,0.995114006514658,1715.0,2.7931596091205213,37.75,-122.42,mid-high
3.95,52.0,5.02546689303905,1.0577249575551784,1191.0,2.0220713073005094,37.75,-122.43,high
4.5057,52.0,4.8655462184873945,0.9831932773109243,1047.0,2.1995798319327733,37.76,-122.39,high
2.3903,52.0,4.466302367941712,1.1347905282331512,1932.0,3.519125683060109,37.75,-122.41,mid-high
4.1417,38.0,4.954802259887006,1.07909604519774,928.0,2.621468926553672,37.74,-122.41,mid-high
4.6786,52.0,4.642228739002933,1.0175953079178885,935.0,2.7419354838709675,37.73,-122.43,mid-high
4.8214,35.0,5.131707317073171,1.0585365853658537,1225.0,2.9878048780487805,37.72,-122.41,mid-high
4.0234,52.0,4.9605263157894735,0.9144736842105263,1138.0,3.7434210526315788,37.71,-122.43,mid-high
6.1636,28.0,6.380952380952381,0.9821428571428571,363.0,2.1607142857142856,37.76,-122.46,high
4.0846,52.0,4.821316614420063,0.9561128526645768,819.0,2.5673981191222572,37.74,-122.47,high
10.6605,50.0,7.379464285714286,1.125,641.0,2.861607142857143,37.73,-122.47,high
3.5156,42.0,4.794621026894865,1.0440097799511003,1211.0,2.960880195599022,37.71,-122.47,mid-high
4.3977,49.0,5.8047138047138045,0.9932659932659933,795.0,2.676767676767677,37.76,-122.49,high
4.3909,52.0,5.60091743119266,1.0298165137614679,1188.0,2.7247706422018347,37.74,-122.49,high
3.0465,43.0,4.528673835125448,1.1093189964157706,1332.0,2.3870967741935485,37.76,-122.51,mid-high
3.0265,52.0,4.3743676222596966,1.048903878583474,1421.0,2.396290050590219,37.78,-122.46,high
3.2396,52.0,4.02156862745098,1.0823529411764705,1400.0,2.7450980392156863,,-122.46,high
3.6429,42.0,5.246628131021194,1.115606936416185,1419.0,2.7341040462427744,37.78,-122.49,high
1.1094,49.0,3.7735849056603774,1.1446540880503144,1448.0,4.553459119496855,37.95,-121.28,low
1.8261,52.0,4.251612903225807,0.9935483870967742,1368.0,4.412903225806452,37.95,-121.27,low
,33.0,5.4485842026825635,1.014903129657228,1698.0,2.5305514157973175,37.97,-121.35,low
3.4141,41.0,5.027027027027027,1.0324324324324323,463.0,2.502702702702703,37.99,-121.29,low
2.0375,41.0,4.150485436893204,0.9174757281553398,716.0,3.4757281553398056,37.97,-121.25,low
2.1705,36.0,4.024193548387097,0.9274193548387096,451.0,3.6370967741935485,37.92,-121.28,low
1.8958,28.0,5.959595959595959,1.303030303030303,315.0,3.1818181818181817,37.92,-121.23,low
3.9615,11.0,,1.1128205128205129,2195.0,2.8141025641025643,37.99,-121.34,mid
4.6477,15.0,7.434615384615385,1.0769230769230769,965.0,3.7115384615384617,38.04,-121.33,mid-low
1.7774,23.0,3.6368989205103044,1.085377821393523,,3.7144259077526987,38.0,-121.3,low
2.505,11.0,5.459047619047619,1.2457142857142858,1404.0,2.6742857142857144,38.03,-121.3,low
5.5693,38.0,7.263888888888889,1.1111111111111112,226.0,3.138888888888889,37.99,-121.23,mid-low
5.7485,26.0,5.366666666666666,0.9,1542.0,51.4,37.89,-121.29,mid
3.2123,17.0,4.946403385049365,0.9816643159379408,1867.0,2.6332863187588154,38.14,-121.3,mid-low
,11.0,6.813688212927756,0.9581749049429658,767.0,2.9163498098859315,38.12,-121.3,mid-high
4.0924,19.0,5.942222222222222,1.048888888888889,744.0,3.3066666666666666,38.17,-121.28,mid-high
2.5643,32.0,6.164904862579281,1.1162790697674418,1466.0,3.0993657505285412,37.78,-121.04,mid
1.6724,33.0,4.095959595959596,0.9343434343434344,446.0,2.2525252525252526,37.79,-121.21,low
2.5025,38.0,,0.986870897155361,1320.0,2.888402625820569,37.79,-121.22,low
4.1298,19.0,5.774336283185841,1.0486725663716814,1290.0,2.853982300884956,37.77,-121.37,mid-high
2.1424,30.0,4.927835051546392,1.1623711340206186,1065.0,2.7448453608247423,37.75,-121.43,mid-low
1.6303,14.0,4.380653266331659,1.1168341708542713,2352.0,2.9547738693467336,35.65,-120.69,mid-low
3.7738,18.0,7.545253863134658,1.5143487858719646,970.0,2.141280353200883,35.42,-120.94,mid-high
1.9647,23.0,4.093220338983051,1.0317796610169492,1380.0,2.9237288135593222,,-120.66,mid-high
4.6719,24.0,6.924901185770751,1.0296442687747036,1490.0,2.9446640316205532,35.31,-120.7,high
4.6776,8.0,6.871635610766045,1.0910973084886129,2710.0,2.8053830227743273,35.13,-120.59,high
3.0536,17.0,4.72804054054054,1.0760135135135136,2015.0,3.4037162162162162,35.1,-120.61,mid-low
2.5437,6.0,4.506134969325154,,2877.0,2.206288343558282,35.46,-120.64,mid-low
4.7708,19.0,4.9798850574712645,1.0172413793103448,959.0,2.7557471264367814,37.7,-122.43,mid-high
4.2472,36.0,5.632768361581921,1.0338983050847457,1793.0,2.5324858757062145,37.7,-122.54,high
3.3906,15.0,4.023611111111111,1.011111111111111,2340.0,3.25,37.67,-122.48,high
5.1205,42.0,5.727959697732998,1.0806045340050379,1255.0,3.1612090680100757,37.67,-122.42,mid-high
,27.0,5.048598130841121,1.0311526479750779,5023.0,3.129595015576324,37.65,-122.47,mid-high
5.0479,22.0,5.13587786259542,1.0549618320610687,3783.0,2.8877862595419845,37.63,-122.46,mid-high
3.5214,15.0,3.0499445061043287,1.106548279689234,1447.0,1.6059933407325193,37.63,-122.43,mid-low
6.1323,32.0,6.28951048951049,1.020979020979021,,2.581818181818182,37.59,-122.39,high
4.7917,40.0,5.557647058823529,1.1011764705882352,992.0,2.3341176470588234,37.58,-122.33,high
3.1111,43.0,4.196369636963697,1.0247524752475248,1301.0,2.1468646864686467,37.57,-122.33,high
9.3694,51.0,8.300970873786408,1.0744336569579287,,2.8155339805825244,37.55,-122.33,high
4.5116,43.0,4.711590296495957,0.9865229110512129,984.0,2.652291105121294,37.53,-122.3,high
4.7917,36.0,5.970223325062035,1.0818858560794045,1189.0,2.9503722084367245,37.57,-122.3,mid-high
5.6683,23.0,5.610939907550077,1.0338983050847457,3399.0,2.6186440677966103,37.56,-122.26,high
5.4322,35.0,6.903465346534653,1.1014851485148516,1156.0,2.8613861386138613,37.51,-122.3,high
5.6271,44.0,6.262780269058296,1.0143497757847533,2818.0,2.527354260089686,37.5,-122.26,high
3.7463,30.0,4.976430976430977,0.9932659932659933,1191.0,2.005050505050505,37.49,-122.24,high
4.5568,38.0,4.4520547945205475,0.9212328767123288,608.0,2.0821917808219177,37.48,-122.19,high
5.9285,17.0,6.513064133016627,1.0475059382422802,986.0,2.342042755344418,37.45,-122.26,high
3.7917,36.0,5.579088471849866,1.1045576407506703,1931.0,5.176943699731903,37.47,-122.14,mid
4.4531,33.0,4.835978835978836,1.0476190476190477,766.0,2.0264550264550265,37.45,-122.17,high
10.0481,30.0,8.061728395061728,1.0432098765432098,,3.0246913580246915,37.4,-122.2,high
6.1896,19.0,5.922981366459627,1.0024844720496895,2199.0,2.7316770186335404,37.5,-122.53,high
5.9522,26.0,6.196521739130435,1.0069565217391305,1479.0,2.5721739130434784,34.5,-119.75,high
5.8411,34.0,6.49800796812749,1.0617529880478087,1265.0,2.5199203187250996,34.47,-119.72,high
,33.0,4.406741573033708,1.0382022471910113,1693.0,3.804494382022472,34.43,-119.68,mid-high
2.6983,49.0,4.586894586894587,1.0541310541310542,961.0,2.737891737891738,34.42,-119.72,mid-high
2.303,27.0,,1.1952662721893492,978.0,2.893491124260355,34.43,-119.73,mid-high
2.6397,23.0,4.098550724637681,1.0579710144927537,889.0,2.5768115942028986,34.39,-119.52,mid-high
2.9479,22.0,5.222493887530562,1.136919315403423,1143.0,2.7946210268948657,34.6,-120.14,mid-high
2.2791,23.0,5.394944707740916,1.2290679304897314,1492.0,2.3570300157977884,34.86,-120.45,mid-low
4.9766,10.0,6.887147335423197,1.031347962382445,1064.0,3.335423197492163,34.87,-120.4,mid
4.5066,14.0,6.121301775147929,1.014792899408284,,3.668639053254438,34.96,-120.42,mid-low
2.0995,15.0,3.430830039525692,0.9644268774703557,1133.0,4.478260869565218,34.93,-120.44,low
0.8106,16.0,3.43,1.085,614.0,3.07,34.64,-120.46,low
4.5417,22.0,5.561101549053356,0.9449225473321858,1739.0,2.9931153184165233,34.66,-120.44,mid-low
2.1652,14.0,3.7512195121951217,1.056910569105691,5723.0,9.30569105691057,34.4,-119.85,low
2.1471,26.0,4.52924791086351,1.0445682451253482,,4.401114206128134,34.38,-119.86,mid
5.1615,26.0,6.687037037037037,1.0425925925925925,2089.0,3.8685185185185187,34.43,-119.79,mid-high
4.8854,52.0,6.437185929648241,,973.0,2.4447236180904524,37.33,-121.91,high
4.2381,43.0,4.8053097345132745,0.9690265486725663,715.0,3.163716814159292,37.35,-121.88,mid
2.7546,40.0,3.4215938303341904,0.961439588688946,1276.0,3.2802056555269923,37.32,-121.88,mid
2.8981,,3.0994318181818183,1.0,1638.0,2.3267045454545454,37.31,-121.93,mid-high
5.036,52.0,5.256317689530686,0.9711191335740073,582.0,2.101083032490975,37.3,-121.9,high
3.662,23.0,4.008298755186722,1.1452282157676348,997.0,2.0684647302904566,37.27,-121.94,mid-high
5.0714,33.0,5.799319727891157,0.9914965986394558,1739.0,2.957482993197279,37.27,-121.9,mid-high
4.1645,32.0,6.1985611510791365,1.0316546762589929,2002.0,2.8805755395683454,37.28,-121.89,mid-high
5.3363,16.0,4.529126213592233,0.883495145631068,1835.0,4.453883495145631,37.32,-121.84,mid-high
4.2589,20.0,5.06140350877193,1.0109649122807018,2223.0,,37.29,-121.83,mid
7.0671,11.0,7.643540669856459,,1774.0,4.244019138755981,37.34,-121.78,high
4.9097,17.0,,1.048780487804878,431.0,3.5040650406504064,37.28,-121.76,mid-high
4.6333,27.0,5.177152317880795,1.009933774834437,3257.0,5.392384105960265,37.33,-121.83,mid
5.1082,33.0,4.940828402366864,1.0710059171597632,781.0,4.621301775147929,37.38,-121.84,mid
7.2861,24.0,,0.9419354838709677,492.0,3.174193548387097,37.37,-121.81,high
1.0938,,1.1304347826086956,1.0434782608695652,120.0,1.7391304347826086,37.37,-121.9,mid
7.8532,8.0,6.961538461538462,1.043956043956044,1527.0,4.195054945054945,37.44,-121.89,high
5.6062,26.0,6.017429193899782,1.0806100217864925,1716.0,3.738562091503268,37.46,-121.91,mid-high
3.6619,17.0,4.885875706214689,0.9649717514124294,1656.0,1.8711864406779661,37.4,-122.0,mid-high
4.6719,32.0,5.03781512605042,0.9621848739495799,814.0,3.4201680672268906,37.36,-121.98,mid-high
4.5427,16.0,3.8632580261593343,1.1260404280618312,1637.0,,37.35,-121.99,mid
3.6818,36.0,5.258333333333334,0.9972222222222222,797.0,2.213888888888889,37.33,-121.94,mid-high
3.9417,33.0,4.995061728395061,1.0493827160493827,1016.0,2.508641975308642,37.33,-121.99,high
3.7632,30.0,4.360082304526749,1.0390946502057614,1914.0,1.9691358024691359,37.31,-121.94,high
3.3922,26.0,3.8627450980392157,1.0098039215686274,620.0,2.026143790849673,37.28,-121.98,mid-high
6.0957,32.0,5.50597609561753,0.952191235059761,705.0,2.808764940239044,37.24,-121.95,high
4.6065,22.0,5.3895348837209305,1.0135658914728682,1291.0,2.501937984496124,37.23,-121.97,high
8.0331,34.0,,1.0896860986547086,692.0,3.103139013452915,37.26,-122.02,high
12.2145,19.0,8.863080684596577,1.0562347188264058,1252.0,3.0611246943765282,37.29,-122.04,high
6.2045,29.0,5.951923076923077,1.0432692307692308,1217.0,2.925480769230769,,-122.04,high
4.7402,34.0,5.0072568940493465,1.060957910014514,1915.0,2.7793904208998548,37.32,-122.0,mid-high
7.3753,34.0,6.528795811518324,0.981675392670157,1399.0,3.662303664921466,37.35,-122.05,high
6.837,20.0,6.503225806451613,1.0096774193548388,767.0,2.4741935483870967,37.35,-122.04,high
3.0047,9.0,4.008108108108108,1.0405405405405406,1430.0,1.9324324324324325,37.37,-122.03,mid-high
4.0068,16.0,3.7360594795539033,1.0272614622057001,1769.0,2.192069392812887,37.39,-122.01,mid-high
4.359,,4.135021097046414,1.279887482419128,943.0,1.3263009845288327,37.4,-122.07,mid
2.5208,52.0,3.9081632653061225,1.0357142857142858,448.0,2.2857142857142856,37.4,-122.08,high
6.828,36.0,6.109375,1.015625,348.0,2.71875,37.38,-122.08,high
10.1007,30.0,7.843220338983051,1.0084745762711864,631.0,2.6737288135593222,37.34,-122.07,high
5.4063,36.0,5.378651685393258,,2039.0,2.291011235955056,37.41,-122.13,high
6.7257,37.0,6.912650602409639,1.0,933.0,,37.45,-122.13,high
8.2664,52.0,6.63481228668942,1.0511945392491469,696.0,2.3754266211604094,37.43,-122.14,high
10.0259,30.0,8.344444444444445,1.0333333333333334,501.0,2.783333333333333,37.35,-122.09,high
9.1974,23.0,8.075949367088608,0.9651898734177216,916.0,2.8987341772151898,37.21,-121.86,high
5.6488,25.0,6.2253668763102725,1.0366876310272537,3275.0,3.4329140461215935,37.25,-121.84,mid-high
5.5875,11.0,5.853300733496333,0.9853300733496333,1393.0,3.4058679706601467,,-121.83,mid-high
4.5,21.0,5.721830985915493,1.073943661971831,1978.0,3.482394366197183,37.24,-121.81,mid-high
5.9053,16.0,6.577464788732394,1.0035211267605635,995.0,3.5035211267605635,37.26,-121.8,mid-high
6.4313,17.0,6.548198636806232,1.0233690360272638,3439.0,,37.08,-121.56,high
3.6964,39.0,7.160377358490566,1.330188679245283,252.0,2.3773584905660377,37.37,-121.55,mid-high
2.4732,14.0,4.445402298850575,1.0747126436781609,4731.0,13.594827586206897,37.0,-122.06,mid-low
3.1932,,5.3509933774834435,1.2384105960264902,608.0,2.013245033112583,36.93,-122.0,high
3.8269,18.0,4.873362445414847,0.9606986899563319,1091.0,2.3820960698689957,36.87,-122.05,mid-high
2.6434,20.0,4.4049180327868855,1.044262295081967,2154.0,3.5311475409836066,36.92,-121.76,mid
5.5785,,6.2,1.2297872340425533,591.0,2.5148936170212766,37.15,-122.18,high
5.2078,30.0,6.3323170731707314,1.0426829268292683,816.0,2.4878048780487805,37.0,-122.03,high
3.075,29.0,4.324193548387097,1.0193548387096774,1652.0,2.664516129032258,36.98,-121.98,mid-high
3.1546,,4.669576059850374,1.1945137157107233,1622.0,2.0224438902743143,36.98,-121.95,mid-high
,22.0,8.420689655172414,2.1517241379310343,1301.0,4.4862068965517246,36.85,-121.91,high
3.0549,7.0,,1.0643776824034334,2223.0,2.3851931330472103,40.58,-122.34,low
2.4079,7.0,4.035853468433359,1.0413094310210445,2557.0,1.9929851909586906,40.6,-122.37,mid-low
2.184,31.0,5.5256410256410255,1.1538461538461537,231.0,2.9615384615384617,40.57,-122.36,low
3.8323,16.0,5.9978213507625275,1.0762527233115469,1414.0,3.0806100217864922,40.6,-122.25,mid-low
1.3571,26.0,4.492647058823529,1.0343137254901962,939.0,2.301470588235294,40.39,-122.27,low
2.503,17.0,6.935960591133005,1.5738916256157636,1027.0,2.5295566502463056,40.77,-121.86,low
3.625,52.0,5.285714285714286,1.125,143.0,2.5535714285714284,39.67,-120.24,low
3.1062,19.0,6.330232558139535,1.113953488372093,1108.0,2.5767441860465117,,-122.64,low
5.1014,15.0,6.578947368421052,1.0917559385188635,6456.0,3.0069864927806242,38.12,,mid
1.1835,30.0,3.3505050505050504,1.0686868686868687,1794.0,1.812121212121212,38.1,-122.26,mid-low
1.9667,52.0,4.087628865979381,1.1134020618556701,505.0,2.6030927835051547,38.11,-122.26,low
4.6406,20.0,6.109979633401222,1.0692464358452138,1207.0,2.4582484725050917,38.07,-122.19,mid-high
5.0672,14.0,7.075664621676892,1.01840490797546,3196.0,3.2678936605316973,38.27,-122.06,mid
3.0938,32.0,4.7176470588235295,1.1254901960784314,571.0,2.23921568627451,38.25,-122.04,mid-low
4.9222,7.0,6.279615795090715,1.0101387406616862,6657.0,3.5522945570971185,38.25,-122.0,mid-low
4.412,8.0,5.548330404217926,0.9824253075571178,1758.0,3.0896309314586996,38.35,-121.94,mid-low
,16.0,6.126353790613718,0.9638989169675091,832.0,3.003610108303249,38.35,-121.98,mid-low
3.3438,34.0,5.057239057239057,0.9494949494949495,860.0,2.8956228956228958,38.36,-122.0,mid-low
2.7457,37.0,5.632727272727273,1.0945454545454545,863.0,3.138181818181818,38.16,-122.41,mid-high
3.1375,31.0,5.25,1.1203703703703705,680.0,2.0987654320987654,38.32,-122.48,mid
4.6833,17.0,5.235831809872029,0.8903107861060329,1482.0,2.709323583180987,38.26,-122.61,mid-high
2.5202,52.0,4.644699140401146,1.1260744985673352,635.0,1.819484240687679,38.24,-122.64,mid-high
4.1964,14.0,6.297405189620759,1.157684630738523,1208.0,2.411177644710579,38.31,-122.7,mid-high
5.1966,15.0,6.426865671641791,1.0298507462686568,979.0,2.9223880597014924,38.34,-122.63,high
3.3981,15.0,5.860279441117765,1.031936127744511,1182.0,2.3592814371257487,38.46,-122.58,mid-high
3.2935,35.0,4.2894736842105265,1.1282894736842106,822.0,2.7039473684210527,38.44,-122.7,mid
2.3929,15.0,,1.0074441687344913,718.0,1.781637717121588,38.46,-122.68,mid-low
5.5061,17.0,6.6871165644171775,1.0061349693251533,473.0,2.901840490797546,38.48,-122.65,mid-high
4.0798,25.0,5.245136186770428,0.9649805447470817,1296.0,2.5214007782101167,38.45,-122.74,mid
3.0969,26.0,5.119318181818182,1.0426136363636365,2605.0,3.700284090909091,38.42,-122.72,mid-low
2.462,19.0,4.548969072164948,1.0154639175257731,868.0,2.2371134020618557,38.39,-122.83,mid-high
1.3712,37.0,6.698863636363637,1.6022727272727273,354.0,2.0113636363636362,38.48,-123.01,mid-low
3.7361,23.0,5.352,1.042,1456.0,2.912,38.61,-122.87,mid
3.2546,32.0,5.041121495327102,0.9887850467289719,1417.0,2.6485981308411213,38.79,-123.01,mid-low
1.8625,,6.411764705882353,1.1911764705882353,197.0,2.8970588235294117,37.77,-120.85,low
3.0043,18.0,5.745424292845258,1.108153078202995,1958.0,3.257903494176373,37.74,,mid-low
2.875,43.0,6.314720812182741,1.0609137055837563,611.0,3.1015228426395938,37.64,-121.18,mid
4.9904,29.0,6.328260869565217,0.967391304347826,1170.0,2.5434782608695654,37.68,-121.0,mid
5.5684,18.0,6.743099787685775,0.9936305732484076,1296.0,2.751592356687898,37.69,-120.98,mid
3.5395,24.0,5.140350877192983,1.0315789473684212,1448.0,2.5403508771929824,37.66,-120.97,mid-low
3.1857,24.0,4.90249433106576,1.0408163265306123,,3.328798185941043,37.67,-121.03,low
2.7538,41.0,4.376731301939058,1.0664819944598338,881.0,2.440443213296399,37.64,-120.99,low
2.7209,32.0,5.090510948905109,1.0802919708029197,1957.0,2.856934306569343,37.64,-120.95,low
1.2857,39.0,4.031496062992126,1.0393700787401574,443.0,3.4881889763779528,37.61,-120.99,low
,,5.6438127090301,1.0535117056856187,,2.516722408026756,37.64,-120.82,mid
3.1125,29.0,4.851851851851852,1.0246913580246915,672.0,2.765432098765432,37.57,-120.95,mid-low
3.5,,5.195876288659794,0.9896907216494846,295.0,3.0412371134020617,37.42,-121.06,low
3.3083,20.0,5.387832699619772,1.0,853.0,3.2433460076045626,37.53,-120.79,low
1.5531,15.0,4.02491103202847,1.0142348754448398,728.0,2.590747330960854,37.51,,low
1.8849,27.0,4.935643564356436,1.051155115511551,1419.0,2.3415841584158414,39.15,-121.63,low
3.4698,17.0,7.347014925373134,1.1082089552238805,717.0,2.675373134328358,39.13,-121.68,mid
3.2917,42.0,8.062893081761006,1.2452830188679245,451.0,,39.1,-121.83,low
3.1361,16.0,5.339331619537275,0.9974293059125964,1155.0,2.969151670951157,40.09,-122.38,low
2.4375,15.0,5.128440366972477,1.0581039755351682,858.0,2.623853211009174,40.15,-122.25,low
3.631,32.0,9.179775280898877,,224.0,2.5168539325842696,41.15,-122.68,low
0.4999,15.0,11.596491228070175,2.56140350877193,131.0,,40.43,-123.32,low
2.3438,26.0,4.616438356164384,0.9452054794520548,277.0,3.7945205479452055,,-119.37,low
2.5719,35.0,5.133738601823708,1.127659574468085,1475.0,4.4832826747720365,36.5,-119.26,low
2.3304,24.0,4.524390243902439,1.0146341463414634,1520.0,,36.35,-119.3,low
0.78,10.0,3.835766423357664,1.083941605839416,927.0,3.383211678832117,36.33,-119.28,low
1.2012,27.0,4.322857142857143,1.0685714285714285,839.0,2.3971428571428572,36.32,-119.29,low
1.6148,16.0,4.365661861074705,1.0996068152031455,1955.0,2.562254259501966,36.32,-119.33,low
2.2333,23.0,6.054313099041534,1.0862619808306708,749.0,2.3929712460063897,36.28,-119.29,mid-low
3.4306,24.0,5.7407407407407405,1.0113960113960114,1031.0,2.9373219373219372,36.23,-119.25,mid-low
2.4554,30.0,4.594520547945206,0.9808219178082191,1159.0,3.175342465753425,36.2,-119.08,low
1.8894,39.0,5.228571428571429,1.1371428571428572,,3.3142857142857145,36.04,-119.4,mid-low
1.5893,17.0,4.244336569579288,1.0663430420711975,1912.0,3.0938511326860842,36.07,-119.04,low
2.975,21.0,5.816568047337278,0.9763313609467456,672.0,3.9763313609467454,36.07,-118.99,low
1.6469,24.0,4.274193548387097,1.0483870967741935,1686.0,4.532258064516129,35.87,-119.26,low
3.6875,15.0,6.426294820717131,1.1912350597609562,655.0,2.6095617529880477,38.02,-120.43,mid
2.0057,52.0,5.061728395061729,1.0781893004115226,609.0,2.506172839506173,37.96,-120.23,low
4.4231,16.0,6.098360655737705,1.1557377049180328,311.0,2.5491803278688523,37.88,-120.41,low
5.3582,35.0,4.8125,0.9375,334.0,3.4791666666666665,34.34,-119.04,mid-high
2.4375,23.0,4.947368421052632,1.2105263157894737,130.0,2.280701754385965,34.38,-119.31,mid-high
4.8472,19.0,7.309255079006772,1.419864559819413,1195.0,2.6975169300225734,34.32,-119.39,high
4.1667,,6.628571428571429,1.0571428571428572,79.0,2.257142857142857,34.25,-119.19,mid-high
4.125,52.0,5.6397984886649875,1.057934508816121,941.0,2.370277078085642,34.28,-119.27,high
3.5,46.0,4.748251748251748,1.1118881118881119,382.0,2.6713286713286712,34.27,-119.25,mid-high
3.8625,30.0,,1.0087336244541485,741.0,,34.21,-119.18,mid-high
3.2212,35.0,4.786372007366483,1.0165745856353592,2726.0,5.020257826887661,34.19,-119.19,mid
3.1989,31.0,4.376310272536688,1.0524109014675052,3310.0,3.469601677148847,34.15,-119.19,mid
4.0878,36.0,5.051798561151079,0.9553956834532374,2965.0,4.266187050359712,34.25,-119.15,mid
5.2773,21.0,6.303262955854127,0.9347408829174664,1832.0,3.5163147792706333,34.23,-119.03,mid-high
,16.0,8.287610619469026,1.1238938053097345,1556.0,3.4424778761061945,34.17,-118.94,high
10.1597,16.0,7.606936416184971,1.1213872832369942,450.0,2.601156069364162,34.14,-118.83,high
4.9234,25.0,5.824561403508772,0.9166666666666666,691.0,3.030701754385965,34.21,,mid-high
6.3586,23.0,7.651761517615176,1.065040650406504,2050.0,2.7777777777777777,34.18,-118.83,high
6.4963,6.0,7.799038461538461,1.1100961538461538,6700.0,3.2211538461538463,34.24,,high
6.6073,,6.771498771498772,0.9398034398034398,2734.0,3.3587223587223587,34.29,-118.75,mid-high
4.7083,25.0,5.414578587699316,1.1184510250569477,1200.0,2.733485193621868,34.28,-118.7,mid
6.1825,,6.756637168141593,0.9734513274336283,756.0,3.3451327433628317,34.3,-118.7,mid-high
2.1213,,3.9166666666666665,0.9553571428571429,732.0,2.1785714285714284,38.58,-121.53,low
3.1908,16.0,4.386792452830188,0.9811320754716981,1386.0,2.1792452830188678,38.54,-121.72,mid
,38.0,6.408695652173913,1.0391304347826087,1123.0,2.4413043478260867,38.67,-121.78,mid-low
2.8365,32.0,5.371900826446281,1.0606060606060606,1145.0,3.1542699724517904,38.76,-121.77,low
3.1029,18.0,4.945454545454545,1.112121212121212,769.0,2.33030303030303,,-121.57,low
4.5625,40.0,4.125,0.8541666666666666,151.0,3.1458333333333335,39.05,-121.48,low
